"09","05","00","296.38","1011","53","4","180","20","2","54","1"
"09","05","01","295.14","1012","53","2","0","1","1","14","7"
"09","05","01","295.14","1012","53","2","0","1","1","34","0"
"09","05","01","295.14","1012","53","2","0","1","1","34","-3"
"09","05","01","295.14","1012","53","2","0","1","1","54","0"
"09","05","02","293.83","1012","60","4","209","1","1","14","1"
"09","05","02","293.83","1012","60","4","209","1","1","34","-9"
"09","05","02","293.83","1012","60","4","209","1","1","54","9"
"09","05","03","293.39","1012","68","2","0","1","1","14","-1"
"09","05","03","293.39","1012","68","2","0","1","1","54","0"
"09","05","03","293.39","1012","68","2","0","1","1","54","2"
"09","05","04","293.31","1012","64","2","0","1","1","14","8"
"09","05","04","293.31","1012","64","2","0","1","1","34","1"
"09","05","04","293.31","1012","64","2","0","1","1","54","1"
"09","05","05","293.31","1011","72","1","210","1","1","14","3"
"09","05","05","293.31","1011","72","1","210","1","1","14","6"
"09","05","05","293.31","1011","72","1","210","1","1","14","-4"
"09","05","05","293.31","1011","72","1","210","1","1","30","6"
"09","05","05","293.31","1011","72","1","210","1","1","49","3"
"09","05","06","292.99","1010","77","2","170","20","2","00","-3"
"09","05","06","292.99","1010","77","2","170","20","2","12","1"
"09","05","06","292.99","1010","77","2","170","20","2","22","1"
"09","05","06","292.99","1010","77","2","170","20","2","32","-5"
"09","05","06","292.99","1010","77","2","170","20","2","42","1"
"09","05","06","292.99","1010","77","2","170","20","2","51","1"
"09","05","06","292.99","1010","77","2","170","20","2","55","2"
"09","05","06","292.99","1010","77","2","170","20","2","55","-1"
"09","05","07","292.81","1011","77","2","230","1","1","12","0"
"09","05","07","292.81","1011","77","2","230","1","1","17","-2"
"09","05","07","292.81","1011","77","2","230","1","1","26","0"
"09","05","07","292.81","1011","77","2","230","1","1","26","3"
"09","05","07","292.81","1011","77","2","230","1","1","33","2"
"09","05","07","292.81","1011","77","2","230","1","1","39","-3"
"09","05","07","292.81","1011","77","2","230","1","1","51","0"
"09","05","07","292.81","1011","77","2","230","1","1","51","1"
"09","05","07","292.81","1011","77","2","230","1","1","57","1"
"09","05","08","292.06","1011","77","2","0","1","50","03","0"
"09","05","08","292.06","1011","77","2","0","1","50","16","0"
"09","05","08","292.06","1011","77","2","0","1","50","22","1"
"09","05","08","292.06","1011","77","2","0","1","50","32","0"
"09","05","08","292.06","1011","77","2","0","1","50","32","-1"
"09","05","08","292.06","1011","77","2","0","1","50","46","-2"
"09","05","08","292.06","1011","77","2","0","1","50","46","-1"
"09","05","08","292.06","1011","77","2","0","1","50","52","-2"
"09","05","08","292.06","1011","77","2","0","1","50","58","2"
"09","05","09","291.91","1011","83","2","0","1","50","04","0"
"09","05","09","291.91","1011","83","2","0","1","50","04","-2"
"09","05","09","291.91","1011","83","2","0","1","50","04","-1"
"09","05","09","291.91","1011","83","2","0","1","50","10","-1"
"09","05","09","291.91","1011","83","2","0","1","50","21","2"
"09","05","09","291.91","1011","83","2","0","1","50","27","0"
"09","05","09","291.91","1011","83","2","0","1","50","27","-2"
"09","05","09","291.91","1011","83","2","0","1","50","34","-1"
"09","05","09","291.91","1011","83","2","0","1","50","40","-3"
"09","05","09","291.91","1011","83","2","0","1","50","52","0"
"09","05","10","291.99","1011","83","2","260","1","50","00","-1"
"09","05","10","291.99","1011","83","2","260","1","50","07","0"
"09","05","10","291.99","1011","83","2","260","1","50","15","2"
"09","05","10","291.99","1011","83","2","260","1","50","29","-1"
"09","05","10","291.99","1011","83","2","260","1","50","37","1"
"09","05","10","291.99","1011","83","2","260","1","50","37","3"
"09","05","10","291.99","1011","83","2","260","1","50","37","-1"
"09","05","10","291.99","1011","83","2","260","1","50","53","-4"
"09","05","10","291.99","1011","83","2","260","1","50","53","-1"
"09","05","11","292.33","1010","83","3","250","75","50","01","3"
"09","05","11","292.33","1010","83","3","250","75","50","01","-1"
"09","05","11","292.33","1010","83","3","250","75","50","17","-1"
"09","05","11","292.33","1010","83","3","250","75","50","25","0"
"09","05","11","292.33","1010","83","3","250","75","50","25","-1"
"09","05","11","292.33","1010","83","3","250","75","50","33","0"
"09","05","11","292.33","1010","83","3","250","75","50","33","-1"
"09","05","11","292.33","1010","83","3","250","75","50","49","3"
"09","05","11","292.33","1010","83","3","250","75","50","57","0"
"09","05","11","292.33","1010","83","3","250","75","50","57","-2"
"09","05","12","293.81","1011","83","3","230","75","4","21","0"
"09","05","12","293.81","1011","83","3","230","75","4","21","-4"
"09","05","12","293.81","1011","83","3","230","75","4","29","2"
"09","05","12","293.81","1011","83","3","230","75","4","37","2"
"09","05","12","293.81","1011","83","3","230","75","4","45","-2"
"09","05","12","293.81","1011","83","3","230","75","4","53","-3"
"09","05","13","295.69","1010","73","3","250","1","1","01","-4"
"09","05","13","295.69","1010","73","3","250","1","1","09","-2"
"09","05","13","295.69","1010","73","3","250","1","1","17","2"
"09","05","13","295.69","1010","73","3","250","1","1","17","-1"
"09","05","13","295.69","1010","73","3","250","1","1","33","-2"
"09","05","13","295.69","1010","73","3","250","1","1","41","-4"
"09","05","13","295.69","1010","73","3","250","1","1","49","0"
"09","05","13","295.69","1010","73","3","250","1","1","57","-1"
"09","05","14","297.65","1011","73","2","0","20","2","05","-2"
"09","05","14","297.65","1011","73","2","0","20","2","05","-1"
"09","05","14","297.65","1011","73","2","0","20","2","21","-2"
"09","05","14","297.65","1011","73","2","0","20","2","29","2"
"09","05","14","297.65","1011","73","2","0","20","2","37","-2"
"09","05","14","297.65","1011","73","2","0","20","2","45","2"
"09","05","15","298.92","1010","65","3","250","20","2","01","-4"
"09","05","15","298.92","1010","65","3","250","20","2","09","1"
"09","05","15","298.92","1010","65","3","250","20","2","09","-2"
"09","05","15","298.92","1010","65","3","250","20","2","17","3"
"09","05","15","298.92","1010","65","3","250","20","2","25","1"
"09","05","15","298.92","1010","65","3","250","20","2","33","1"
"09","05","15","298.92","1010","65","3","250","20","2","45","1"
"09","05","15","298.92","1010","65","3","250","20","2","54","0"
"09","05","15","298.92","1010","65","3","250","20","2","54","-2"
"09","05","16","298.91","1009","61","4","208","40","3","10","-3"
"09","05","16","298.91","1009","61","4","208","40","3","10","-1"
"09","05","16","298.91","1009","61","4","208","40","3","25","2"
"09","05","16","298.91","1009","61","4","208","40","3","32","-1"
"09","05","16","298.91","1009","61","4","208","40","3","39","2"
"09","05","16","298.91","1009","61","4","208","40","3","46","0"
"09","05","16","298.91","1009","61","4","208","40","3","46","-1"
"09","05","16","298.91","1009","61","4","208","40","3","53","-3"
"09","05","17","300.56","1009","54","2","200","40","3","00","3"
"09","05","17","300.56","1009","54","2","200","40","3","07","-3"
"09","05","17","300.56","1009","54","2","200","40","3","14","3"
"09","05","17","300.56","1009","54","2","200","40","3","21","-2"
"09","05","17","300.56","1009","54","2","200","40","3","21","-2"
"09","05","17","300.56","1009","54","2","200","40","3","35","2"
"09","05","17","300.56","1009","54","2","200","40","3","35","-2"
"09","05","17","300.56","1009","54","2","200","40","3","42","3"
"09","05","17","300.56","1009","54","2","200","40","3","49","-2"
"09","05","17","300.56","1009","54","2","200","40","3","56","-1"
"09","05","18","301.42","1008","54","3","230","1","1","17","3"
"09","05","18","301.42","1008","54","3","230","1","1","17","3"
"09","05","18","301.42","1008","54","3","230","1","1","17","-1"
"09","05","18","301.42","1008","54","3","230","1","1","24","-1"
"09","05","18","301.42","1008","54","3","230","1","1","38","-3"
"09","05","18","301.42","1008","54","3","230","1","1","38","-2"
"09","05","18","301.42","1008","54","3","230","1","1","45","-3"
"09","05","18","301.42","1008","54","3","230","1","1","52","-3"
"09","05","18","301.42","1008","54","3","230","1","1","59","-1"
"09","05","19","302.32","1008","54","2","0","1","1","06","1"
"09","05","19","302.32","1008","54","2","0","1","1","20","0"
"09","05","19","302.32","1008","54","2","0","1","1","21","-4"
"09","05","19","302.32","1008","54","2","0","1","1","31","1"
"09","05","19","302.32","1008","54","2","0","1","1","37","0"
"09","05","19","302.32","1008","54","2","0","1","1","37","-1"
"09","05","19","302.32","1008","54","2","0","1","1","57","0"
"09","05","20","302.23","1008","62","2","170","20","2","03","-3"
"09","05","20","302.23","1008","62","2","170","20","2","10","3"
"09","05","20","302.23","1008","62","2","170","20","2","10","-1"
"09","05","20","302.23","1008","62","2","170","20","2","19","-2"
"09","05","20","302.23","1008","62","2","170","20","2","28","-4"
"09","05","20","302.23","1008","62","2","170","20","2","37","-3"
"09","05","20","302.23","1008","62","2","170","20","2","46","4"
"09","05","20","302.23","1008","62","2","170","20","2","55","-4"
"09","05","21","301.6","1007","58","2","0","1","1","04","-4"
"09","05","21","301.6","1007","58","2","0","1","1","13","4"
"09","05","21","301.6","1007","58","2","0","1","1","36","2"
"09","05","21","301.6","1007","58","2","0","1","1","36","4"
"09","05","21","301.6","1007","58","2","0","1","1","36","-2"
"09","05","21","301.6","1007","58","2","0","1","1","48","-5"
"09","05","22","301.23","1007","58","2","0","1","1","00","0"
"09","05","22","301.23","1007","58","2","0","1","1","06","0"
"09","05","22","301.23","1007","58","2","0","1","1","12","0"
"09","05","22","301.23","1007","58","2","0","1","1","25","5"
"09","05","22","301.23","1007","58","2","0","1","1","38","5"
"09","05","22","301.23","1007","58","2","0","1","1","51","2"
"09","04","00","292.81","1013","77","2","0","90","4","54","-2"
"09","04","01","291.73","1014","77","2","0","20","2","14","0"
"09","04","01","291.73","1014","77","2","0","20","2","34","1"
"09","04","01","291.73","1014","77","2","0","20","2","54","2"
"09","04","01","291.73","1014","77","2","0","20","2","54","-1"
"09","04","02","291.16","1013","72","4","230","75","4","14","9"
"09","04","02","291.16","1013","72","4","230","75","4","34","4"
"09","04","02","291.16","1013","72","4","230","75","4","54","1"
"09","04","03","290.52","1014","77","2","0","90","4","14","3"
"09","04","03","290.52","1014","77","2","0","90","4","34","0"
"09","04","03","290.52","1014","77","2","0","90","4","34","4"
"09","04","03","290.52","1014","77","2","0","90","4","54","-9"
"09","04","04","290.48","1014","77","2","250","1","1","14","1"
"09","04","04","290.48","1014","77","2","250","1","1","34","4"
"09","04","04","290.48","1014","77","2","250","1","1","54","0"
"09","04","04","290.48","1014","77","2","250","1","1","54","-1"
"09","04","05","290.33","1014","82","4","250","1","1","30","0"
"09","04","05","290.33","1014","82","4","250","1","1","49","0"
"09","04","06","289.45","1014","77","2","260","1","50","12","1"
"09","04","06","289.45","1014","77","2","260","1","50","22","-1"
"09","04","06","289.45","1014","77","2","260","1","50","42","3"
"09","04","07","288.91","1014","82","3","270","1","50","03","0"
"09","04","07","288.91","1014","82","3","270","1","50","17","0"
"09","04","07","288.91","1014","82","3","270","1","50","17","-1"
"09","04","07","288.91","1014","82","3","270","1","50","24","0"
"09","04","07","288.91","1014","82","3","270","1","50","26","-2"
"09","04","07","288.91","1014","82","3","270","1","50","39","1"
"09","04","07","288.91","1014","82","3","270","1","50","45","-2"
"09","04","07","288.91","1014","82","3","270","1","50","45","-1"
"09","04","07","288.91","1014","82","3","270","1","50","51","-2"
"09","04","07","288.91","1014","82","3","270","1","50","57","-1"
"09","04","08","288.45","1014","77","2","0","1","50","10","1"
"09","04","08","288.45","1014","77","2","0","1","50","16","-1"
"09","04","08","288.45","1014","77","2","0","1","50","32","1"
"09","04","08","288.45","1014","77","2","0","1","50","41","-1"
"09","04","08","288.45","1014","77","2","0","1","50","58","-2"
"09","04","09","288.14","1015","77","1","0","1","50","10","2"
"09","04","09","288.14","1015","77","1","0","1","50","21","1"
"09","04","09","288.14","1015","77","1","0","1","50","27","-1"
"09","04","09","288.14","1015","77","1","0","1","50","40","-3"
"09","04","09","288.14","1015","77","1","0","1","50","52","-2"
"09","04","10","288.72","1015","77","2","0","1","1","07","3"
"09","04","10","288.72","1015","77","2","0","1","1","23","1"
"09","04","10","288.72","1015","77","2","0","1","1","29","-3"
"09","04","10","288.72","1015","77","2","0","1","1","37","-1"
"09","04","10","288.72","1015","77","2","0","1","1","37","-1"
"09","04","10","288.72","1015","77","2","0","1","1","45","-3"
"09","04","10","288.72","1015","77","2","0","1","1","53","-3"
"09","04","11","288.64","1016","77","2","272","1","1","01","0"
"09","04","11","288.64","1016","77","2","272","1","1","09","-3"
"09","04","11","288.64","1016","77","2","272","1","1","17","-1"
"09","04","11","288.64","1016","77","2","272","1","1","17","-1"
"09","04","11","288.64","1016","77","2","272","1","1","25","1"
"09","04","11","288.64","1016","77","2","272","1","1","33","-1"
"09","04","11","288.64","1016","77","2","272","1","1","41","2"
"09","04","11","288.64","1016","77","2","272","1","1","49","-1"
"09","04","12","290.06","1016","77","2","0","1","1","05","0"
"09","04","12","290.06","1016","77","2","0","1","1","05","-4"
"09","04","12","290.06","1016","77","2","0","1","1","05","-2"
"09","04","12","290.06","1016","77","2","0","1","1","21","3"
"09","04","12","290.06","1016","77","2","0","1","1","37","2"
"09","04","12","290.06","1016","77","2","0","1","1","37","-2"
"09","04","12","290.06","1016","77","2","0","1","1","45","-1"
"09","04","12","290.06","1016","77","2","0","1","1","53","-2"
"09","04","13","291.98","1016","72","1","0","1","1","01","3"
"09","04","13","291.98","1016","72","1","0","1","1","09","1"
"09","04","13","291.98","1016","72","1","0","1","1","17","1"
"09","04","13","291.98","1016","72","1","0","1","1","25","-1"
"09","04","13","291.98","1016","72","1","0","1","1","33","-1"
"09","04","13","291.98","1016","72","1","0","1","1","41","3"
"09","04","13","291.98","1016","72","1","0","1","1","49","-2"
"09","04","13","291.98","1016","72","1","0","1","1","57","3"
"09","04","14","293.73","1016","68","2","0","1","1","13","0"
"09","04","14","293.73","1016","68","2","0","1","1","13","1"
"09","04","14","293.73","1016","68","2","0","1","1","21","2"
"09","04","14","293.73","1016","68","2","0","1","1","29","-4"
"09","04","14","293.73","1016","68","2","0","1","1","37","1"
"09","04","14","293.73","1016","68","2","0","1","1","53","2"
"09","04","14","293.73","1016","68","2","0","1","1","53","-2"
"09","04","15","295.46","1016","60","2","0","1","1","01","-2"
"09","04","15","295.46","1016","60","2","0","1","1","09","-4"
"09","04","15","295.46","1016","60","2","0","1","1","17","-1"
"09","04","15","295.46","1016","60","2","0","1","1","25","2"
"09","04","15","295.46","1016","60","2","0","1","1","33","-2"
"09","04","15","295.46","1016","60","2","0","1","1","33","-2"
"09","04","15","295.46","1016","60","2","0","1","1","45","-4"
"09","04","15","295.46","1016","60","2","0","1","1","54","2"
"09","04","16","295.61","1016","53","2","236","1","1","02","1"
"09","04","16","295.61","1016","53","2","236","1","1","10","-4"
"09","04","16","295.61","1016","53","2","236","1","1","18","-3"
"09","04","16","295.61","1016","53","2","236","1","1","25","2"
"09","04","16","295.61","1016","53","2","236","1","1","32","-2"
"09","04","16","295.61","1016","53","2","236","1","1","39","3"
"09","04","16","295.61","1016","53","2","236","1","1","46","-1"
"09","04","17","297.14","1015","47","3","220","1","1","00","3"
"09","04","17","297.14","1015","47","3","220","1","1","07","2"
"09","04","17","297.14","1015","47","3","220","1","1","07","3"
"09","04","17","297.14","1015","47","3","220","1","1","14","-1"
"09","04","17","297.14","1015","47","3","220","1","1","21","3"
"09","04","17","297.14","1015","47","3","220","1","1","35","-3"
"09","04","17","297.14","1015","47","3","220","1","1","42","-2"
"09","04","17","297.14","1015","47","3","220","1","1","56","-3"
"09","04","18","299.07","1015","47","3","190","1","1","03","-2"
"09","04","18","299.07","1015","47","3","190","1","1","17","-2"
"09","04","18","299.07","1015","47","3","190","1","1","31","2"
"09","04","18","299.07","1015","47","3","190","1","1","45","1"
"09","04","18","299.07","1015","47","3","190","1","1","59","2"
"09","04","19","299.81","1014","47","2","0","1","1","06","3"
"09","04","19","299.81","1014","47","2","0","1","1","21","1"
"09","04","19","299.81","1014","47","2","0","1","1","31","-3"
"09","04","19","299.81","1014","47","2","0","1","1","46","2"
"09","04","19","299.81","1014","47","2","0","1","1","57","-3"
"09","04","20","299.87","1013","44","2","0","20","2","10","-3"
"09","04","20","299.87","1013","44","2","0","20","2","19","-3"
"09","04","20","299.87","1013","44","2","0","20","2","28","-1"
"09","04","20","299.87","1013","44","2","0","20","2","37","-1"
"09","04","20","299.87","1013","44","2","0","20","2","55","-4"
"09","04","21","299.57","1013","47","4","213","1","1","13","0"
"09","04","21","299.57","1013","47","4","213","1","1","22","0"
"09","04","21","299.57","1013","47","4","213","1","1","36","2"
"09","04","21","299.57","1013","47","4","213","1","1","48","1"
"09","04","21","299.57","1013","47","4","213","1","1","48","-1"
"09","04","22","299.57","1013","47","4","213","1","1","12","4"
"09","04","22","299.57","1013","47","4","213","1","1","25","4"
"09","04","22","299.57","1013","47","4","213","1","1","25","-5"
"09","04","22","299.57","1013","47","4","213","1","1","51","0"
"09","14","01","295.06","1013","94","1","0","90","4","34","7"
"09","14","01","295.06","1013","94","1","0","90","4","54","4"
"09","14","02","294.96","1012","88","1","250","90","50","14","2"
"09","14","02","294.96","1012","88","1","250","90","50","14","-1"
"09","14","02","294.96","1012","88","1","250","90","50","54","4"
"09","14","03","294.87","1013","94","2","230","90","50","14","4"
"09","14","03","294.87","1013","94","2","230","90","50","34","4"
"09","14","03","294.87","1013","94","2","230","90","50","54","3"
"09","14","03","294.87","1013","94","2","230","90","50","54","-1"
"09","14","04","294.88","1012","94","0","222","75","50","34","2"
"09","14","04","294.88","1012","94","0","222","75","50","34","-2"
"09","14","05","294.79","1012","100","1","174","90","50","14","-6"
"09","14","05","294.79","1012","100","1","174","90","50","14","-2"
"09","14","05","294.79","1012","100","1","174","90","50","30","-1"
"09","14","06","293.73","1012","88","1","0","90","50","00","5"
"09","14","06","293.73","1012","88","1","0","90","50","00","-1"
"09","14","06","293.73","1012","88","1","0","90","50","22","3"
"09","14","06","293.73","1012","88","1","0","90","50","32","2"
"09","14","06","293.73","1012","88","1","0","90","50","42","4"
"09","14","06","293.73","1012","88","1","0","90","50","42","-1"
"09","14","06","293.73","1012","88","1","0","90","50","55","2"
"09","14","07","293.81","1012","88","1","174","90","50","03","0"
"09","14","07","293.81","1012","88","1","174","90","50","17","2"
"09","14","07","293.81","1012","88","1","174","90","50","24","0"
"09","14","07","293.81","1012","88","1","174","90","50","26","1"
"09","14","07","293.81","1012","88","1","174","90","50","33","0"
"09","14","07","293.81","1012","88","1","174","90","50","33","-1"
"09","14","07","293.81","1012","88","1","174","90","50","39","-3"
"09","14","07","293.81","1012","88","1","174","90","50","39","-2"
"09","14","07","293.81","1012","88","1","174","90","50","39","-1"
"09","14","07","293.81","1012","88","1","174","90","50","45","-3"
"09","14","07","293.81","1012","88","1","174","90","50","51","1"
"09","14","07","293.81","1012","88","1","174","90","50","57","1"
"09","14","08","294.14","1012","88","2","189","90","50","03","-3"
"09","14","08","294.14","1012","88","2","189","90","50","22","0"
"09","14","08","294.14","1012","88","2","189","90","50","32","1"
"09","14","08","294.14","1012","88","2","189","90","50","32","-1"
"09","14","08","294.14","1012","88","2","189","90","50","32","-1"
"09","14","08","294.14","1012","88","2","189","90","50","41","2"
"09","14","08","294.14","1012","88","2","189","90","50","41","-1"
"09","14","08","294.14","1012","88","2","189","90","50","41","-1"
"09","14","08","294.14","1012","88","2","189","90","50","52","-1"
"09","14","08","294.14","1012","88","2","189","90","50","58","0"
"09","14","08","294.14","1012","88","2","189","90","50","58","-1"
"09","14","09","293.96","1011","94","3","170","90","50","04","-1"
"09","14","09","293.96","1011","94","3","170","90","50","10","0"
"09","14","09","293.96","1011","94","3","170","90","50","10","-1"
"09","14","09","293.96","1011","94","3","170","90","50","16","1"
"09","14","09","293.96","1011","94","3","170","90","50","16","2"
"09","14","09","293.96","1011","94","3","170","90","50","16","-1"
"09","14","09","293.96","1011","94","3","170","90","50","21","-1"
"09","14","09","293.96","1011","94","3","170","90","50","27","-2"
"09","14","09","293.96","1011","94","3","170","90","50","27","-1"
"09","14","09","293.96","1011","94","3","170","90","50","34","0"
"09","14","09","293.96","1011","94","3","170","90","50","34","-1"
"09","14","09","293.96","1011","94","3","170","90","50","40","2"
"09","14","09","293.96","1011","94","3","170","90","50","40","-1"
"09","14","09","293.96","1011","94","3","170","90","50","46","-1"
"09","14","09","293.96","1011","94","3","170","90","50","52","0"
"09","14","09","293.96","1011","94","3","170","90","50","52","2"
"09","14","10","293.96","1011","100","2","160","90","50","00","0"
"09","14","10","293.96","1011","100","2","160","90","50","00","-3"
"09","14","10","293.96","1011","100","2","160","90","50","07","1"
"09","14","10","293.96","1011","100","2","160","90","50","15","-4"
"09","14","10","293.96","1011","100","2","160","90","50","23","-1"
"09","14","10","293.96","1011","100","2","160","90","50","29","-4"
"09","14","10","293.96","1011","100","2","160","90","50","37","1"
"09","14","10","293.96","1011","100","2","160","90","50","37","3"
"09","14","10","293.96","1011","100","2","160","90","50","37","-1"
"09","14","10","293.96","1011","100","2","160","90","50","45","2"
"09","14","10","293.96","1011","100","2","160","90","50","45","3"
"09","14","10","293.96","1011","100","2","160","90","50","45","-1"
"09","14","11","294.15","1012","94","2","231","40","50","01","1"
"09","14","11","294.15","1012","94","2","231","40","50","09","1"
"09","14","11","294.15","1012","94","2","231","40","50","17","2"
"09","14","11","294.15","1012","94","2","231","40","50","25","-1"
"09","14","11","294.15","1012","94","2","231","40","50","33","-1"
"09","14","11","294.15","1012","94","2","231","40","50","41","2"
"09","14","11","294.15","1012","94","2","231","40","50","41","-1"
"09","14","11","294.15","1012","94","2","231","40","50","49","2"
"09","14","11","294.15","1012","94","2","231","40","50","49","-1"
"09","14","12","293.87","1012","94","2","200","75","50","05","-3"
"09","14","12","293.87","1012","94","2","200","75","50","21","0"
"09","14","12","293.87","1012","94","2","200","75","50","29","3"
"09","14","12","293.87","1012","94","2","200","75","50","29","-2"
"09","14","12","293.87","1012","94","2","200","75","50","37","3"
"09","14","12","293.87","1012","94","2","200","75","50","45","3"
"09","14","12","293.87","1012","94","2","200","75","50","53","-1"
"09","14","13","294.51","1013","83","2","231","1","50","01","-1"
"09","14","13","294.51","1013","83","2","231","1","50","09","-2"
"09","14","13","294.51","1013","83","2","231","1","50","17","3"
"09","14","13","294.51","1013","83","2","231","1","50","25","-1"
"09","14","13","294.51","1013","83","2","231","1","50","25","-1"
"09","14","13","294.51","1013","83","2","231","1","50","41","2"
"09","14","13","294.51","1013","83","2","231","1","50","49","2"
"09","14","14","295.14","1014","83","2","220","1","50","05","0"
"09","14","14","295.14","1014","83","2","220","1","50","05","-3"
"09","14","14","295.14","1014","83","2","220","1","50","13","1"
"09","14","14","295.14","1014","83","2","220","1","50","21","-1"
"09","14","14","295.14","1014","83","2","220","1","50","29","1"
"09","14","14","295.14","1014","83","2","220","1","50","29","-1"
"09","14","14","295.14","1014","83","2","220","1","50","37","-3"
"09","14","14","295.14","1014","83","2","220","1","50","45","-3"
"09","14","14","295.14","1014","83","2","220","1","50","45","-1"
"09","14","15","296.14","1013","78","2","210","90","50","01","-4"
"09","14","15","296.14","1013","78","2","210","90","50","09","-3"
"09","14","15","296.14","1013","78","2","210","90","50","17","1"
"09","14","15","296.14","1013","78","2","210","90","50","25","-3"
"09","14","15","296.14","1013","78","2","210","90","50","33","1"
"09","14","15","296.14","1013","78","2","210","90","50","54","-2"
"09","14","16","297.14","1013","73","2","220","90","4","02","-3"
"09","14","16","297.14","1013","73","2","220","90","4","10","-3"
"09","14","16","297.14","1013","73","2","220","90","4","18","-3"
"09","14","16","297.14","1013","73","2","220","90","4","25","2"
"09","14","16","297.14","1013","73","2","220","90","4","32","1"
"09","14","16","297.14","1013","73","2","220","90","4","39","2"
"09","14","16","297.14","1013","73","2","220","90","4","46","2"
"09","14","16","297.14","1013","73","2","220","90","4","53","1"
"09","14","17","298.4","1013","65","2","203","40","10","00","0"
"09","14","17","298.4","1013","65","2","203","40","10","00","3"
"09","14","17","298.4","1013","65","2","203","40","10","07","2"
"09","14","17","298.4","1013","65","2","203","40","10","07","-1"
"09","14","17","298.4","1013","65","2","203","40","10","14","-3"
"09","14","17","298.4","1013","65","2","203","40","10","21","2"
"09","14","17","298.4","1013","65","2","203","40","10","35","0"
"09","14","17","298.4","1013","65","2","203","40","10","42","2"
"09","14","18","299.73","1012","61","2","203","75","4","03","0"
"09","14","18","299.73","1012","61","2","203","75","4","10","1"
"09","14","18","299.73","1012","61","2","203","75","4","10","3"
"09","14","18","299.73","1012","61","2","203","75","4","10","-1"
"09","14","18","299.73","1012","61","2","203","75","4","17","1"
"09","14","18","299.73","1012","61","2","203","75","4","17","3"
"09","14","18","299.73","1012","61","2","203","75","4","17","-1"
"09","14","18","299.73","1012","61","2","203","75","4","24","-2"
"09","14","18","299.73","1012","61","2","203","75","4","45","1"
"09","14","18","299.73","1012","61","2","203","75","4","45","-2"
"09","14","18","299.73","1012","61","2","203","75","4","52","-3"
"09","14","18","299.73","1012","61","2","203","75","4","59","3"
"09","14","19","298.98","1012","61","3","190","90","10","13","2"
"09","14","19","298.98","1012","61","3","190","90","10","21","2"
"09","14","19","298.98","1012","61","3","190","90","10","21","3"
"09","14","19","298.98","1012","61","3","190","90","10","37","1"
"09","14","19","298.98","1012","61","3","190","90","10","37","-3"
"09","14","19","298.98","1012","61","3","190","90","10","46","2"
"09","14","19","298.98","1012","61","3","190","90","10","57","0"
"09","14","20","299.24","1012","65","1","0","75","4","03","-3"
"09","14","20","299.24","1012","65","1","0","75","4","19","0"
"09","14","20","299.24","1012","65","1","0","75","4","19","4"
"09","14","20","299.24","1012","65","1","0","75","4","19","-4"
"09","14","20","299.24","1012","65","1","0","75","4","37","1"
"09","14","20","299.24","1012","65","1","0","75","4","37","-3"
"09","14","20","299.24","1012","65","1","0","75","4","46","0"
"09","14","20","299.24","1012","65","1","0","75","4","55","3"
"09","14","21","298.65","1012","88","1","0","90","10","13","0"
"09","14","21","298.65","1012","88","1","0","90","10","13","3"
"09","14","21","298.65","1012","88","1","0","90","10","22","-2"
"09","14","21","298.65","1012","88","1","0","90","10","31","2"
"09","14","21","298.65","1012","88","1","0","90","10","36","-2"
"09","14","21","298.65","1012","88","1","0","90","10","48","-4"
"09","14","22","298.39","1012","61","2","270","75","10","00","-1"
"09","14","22","298.39","1012","61","2","270","75","10","06","0"
"09","14","22","298.39","1012","61","2","270","75","10","12","0"
"09","14","22","298.39","1012","61","2","270","75","10","25","-5"
"09","14","22","298.39","1012","61","2","270","75","10","38","0"
"09","14","22","298.39","1012","61","2","270","75","10","51","-5"
"09","12","01","291.7","1022","45","1","332","1","1","34","2"
"09","12","01","291.7","1022","45","1","332","1","1","54","0"
"09","12","01","291.7","1022","45","1","332","1","1","54","-1"
"09","12","02","290.87","1022","49","1","40","1","1","34","5"
"09","12","02","290.87","1022","49","1","40","1","1","34","-1"
"09","12","03","290.16","1021","52","1","324","75","4","14","1"
"09","12","03","290.16","1021","52","1","324","75","4","34","4"
"09","12","03","290.16","1021","52","1","324","75","4","54","3"
"09","12","04","289.45","1021","55","1","324","1","50","14","1"
"09","12","04","289.45","1021","55","1","324","1","50","34","4"
"09","12","04","289.45","1021","55","1","324","1","50","34","-1"
"09","12","05","289.22","1020","67","1","306","1","1","14","-8"
"09","12","05","289.22","1020","67","1","306","1","1","30","3"
"09","12","05","289.22","1020","67","1","306","1","1","49","2"
"09","12","06","288.29","1020","68","1","306","1","1","00","5"
"09","12","06","288.29","1020","68","1","306","1","1","12","0"
"09","12","06","288.29","1020","68","1","306","1","1","22","-5"
"09","12","06","288.29","1020","68","1","306","1","1","32","-5"
"09","12","06","288.29","1020","68","1","306","1","1","42","2"
"09","12","06","288.29","1020","68","1","306","1","1","51","0"
"09","12","06","288.29","1020","68","1","306","1","1","55","-2"
"09","12","07","288.16","1018","67","2","260","40","3","12","0"
"09","12","07","288.16","1018","67","2","260","40","3","12","0"
"09","12","07","288.16","1018","67","2","260","40","3","17","3"
"09","12","07","288.16","1018","67","2","260","40","3","26","1"
"09","12","07","288.16","1018","67","2","260","40","3","26","3"
"09","12","07","288.16","1018","67","2","260","40","3","33","-2"
"09","12","07","288.16","1018","67","2","260","40","3","39","-1"
"09","12","07","288.16","1018","67","2","260","40","3","45","0"
"09","12","07","288.16","1018","67","2","260","40","3","57","0"
"09","12","07","288.16","1018","67","2","260","40","3","57","0"
"09","12","08","287.38","1019","72","1","273","1","50","03","2"
"09","12","08","287.38","1019","72","1","273","1","50","10","2"
"09","12","08","287.38","1019","72","1","273","1","50","16","0"
"09","12","08","287.38","1019","72","1","273","1","50","32","-2"
"09","12","08","287.38","1019","72","1","273","1","50","37","0"
"09","12","08","287.38","1019","72","1","273","1","50","41","2"
"09","12","08","287.38","1019","72","1","273","1","50","46","-2"
"09","12","08","287.38","1019","72","1","273","1","50","52","2"
"09","12","08","287.38","1019","72","1","273","1","50","58","-1"
"09","12","09","287.76","1018","77","1","273","1","1","04","-2"
"09","12","09","287.76","1018","77","1","273","1","1","10","2"
"09","12","09","287.76","1018","77","1","273","1","1","16","1"
"09","12","09","287.76","1018","77","1","273","1","1","21","2"
"09","12","09","287.76","1018","77","1","273","1","1","27","0"
"09","12","09","287.76","1018","77","1","273","1","1","27","-3"
"09","12","09","287.76","1018","77","1","273","1","1","34","0"
"09","12","09","287.76","1018","77","1","273","1","1","40","-1"
"09","12","09","287.76","1018","77","1","273","1","1","46","2"
"09","12","09","287.76","1018","77","1","273","1","1","46","-1"
"09","12","09","287.76","1018","77","1","273","1","1","52","0"
"09","12","09","287.76","1018","77","1","273","1","1","52","-1"
"09","12","10","286.66","1018","87","1","20","75","4","00","-3"
"09","12","10","286.66","1018","87","1","20","75","4","07","0"
"09","12","10","286.66","1018","87","1","20","75","4","07","-2"
"09","12","10","286.66","1018","87","1","20","75","4","15","0"
"09","12","10","286.66","1018","87","1","20","75","4","23","0"
"09","12","10","286.66","1018","87","1","20","75","4","23","-1"
"09","12","10","286.66","1018","87","1","20","75","4","29","2"
"09","12","10","286.66","1018","87","1","20","75","4","37","0"
"09","12","10","286.66","1018","87","1","20","75","4","37","-2"
"09","12","10","286.66","1018","87","1","20","75","4","45","-1"
"09","12","11","287.13","1018","82","1","344","1","1","01","1"
"09","12","11","287.13","1018","82","1","344","1","1","01","-1"
"09","12","11","287.13","1018","82","1","344","1","1","17","3"
"09","12","11","287.13","1018","82","1","344","1","1","25","-3"
"09","12","11","287.13","1018","82","1","344","1","1","33","3"
"09","12","11","287.13","1018","82","1","344","1","1","41","0"
"09","12","11","287.13","1018","82","1","344","1","1","49","1"
"09","12","11","287.13","1018","82","1","344","1","1","57","3"
"09","12","12","287.71","1019","82","1","344","1","1","05","-2"
"09","12","12","287.71","1019","82","1","344","1","1","21","0"
"09","12","12","287.71","1019","82","1","344","1","1","21","-3"
"09","12","12","287.71","1019","82","1","344","1","1","37","0"
"09","12","12","287.71","1019","82","1","344","1","1","37","-1"
"09","12","12","287.71","1019","82","1","344","1","1","45","2"
"09","12","12","287.71","1019","82","1","344","1","1","45","-1"
"09","12","12","287.71","1019","82","1","344","1","1","53","-1"
"09","12","12","287.71","1019","82","1","344","1","1","53","-1"
"09","12","13","290.64","1018","68","1","0","1","1","01","-1"
"09","12","13","290.64","1018","68","1","0","1","1","09","-1"
"09","12","13","290.64","1018","68","1","0","1","1","25","1"
"09","12","13","290.64","1018","68","1","0","1","1","25","-1"
"09","12","13","290.64","1018","68","1","0","1","1","33","2"
"09","12","13","290.64","1018","68","1","0","1","1","33","-3"
"09","12","13","290.64","1018","68","1","0","1","1","33","-1"
"09","12","13","290.64","1018","68","1","0","1","1","41","3"
"09","12","13","290.64","1018","68","1","0","1","1","49","2"
"09","12","13","290.64","1018","68","1","0","1","1","49","-1"
"09","12","14","292.81","1019","72","2","0","1","1","05","3"
"09","12","14","292.81","1019","72","2","0","1","1","13","3"
"09","12","14","292.81","1019","72","2","0","1","1","21","2"
"09","12","14","292.81","1019","72","2","0","1","1","29","2"
"09","12","14","292.81","1019","72","2","0","1","1","37","1"
"09","12","14","292.81","1019","72","2","0","1","1","45","-2"
"09","12","14","292.81","1019","72","2","0","1","1","53","2"
"09","12","15","295.42","1018","56","1","0","1","1","09","3"
"09","12","15","295.42","1018","56","1","0","1","1","25","1"
"09","12","15","295.42","1018","56","1","0","1","1","25","1"
"09","12","15","295.42","1018","56","1","0","1","1","33","2"
"09","12","15","295.42","1018","56","1","0","1","1","33","2"
"09","12","15","295.42","1018","56","1","0","1","1","45","1"
"09","12","15","295.42","1018","56","1","0","1","1","45","-1"
"09","12","16","295.42","1018","49","1","266","1","1","02","0"
"09","12","16","295.42","1018","49","1","266","1","1","10","0"
"09","12","16","295.42","1018","49","1","266","1","1","10","-3"
"09","12","16","295.42","1018","49","1","266","1","1","25","3"
"09","12","16","295.42","1018","49","1","266","1","1","32","0"
"09","12","16","295.42","1018","49","1","266","1","1","46","0"
"09","12","16","295.42","1018","49","1","266","1","1","46","1"
"09","12","16","295.42","1018","49","1","266","1","1","53","2"
"09","12","17","297.78","1017","50","1","266","1","1","00","-3"
"09","12","17","297.78","1017","50","1","266","1","1","07","3"
"09","12","17","297.78","1017","50","1","266","1","1","14","3"
"09","12","17","297.78","1017","50","1","266","1","1","14","-3"
"09","12","17","297.78","1017","50","1","266","1","1","21","3"
"09","12","17","297.78","1017","50","1","266","1","1","28","1"
"09","12","17","297.78","1017","50","1","266","1","1","28","-3"
"09","12","17","297.78","1017","50","1","266","1","1","35","1"
"09","12","17","297.78","1017","50","1","266","1","1","35","-2"
"09","12","17","297.78","1017","50","1","266","1","1","35","-1"
"09","12","17","297.78","1017","50","1","266","1","1","42","2"
"09","12","17","297.78","1017","50","1","266","1","1","42","-2"
"09","12","17","297.78","1017","50","1","266","1","1","49","2"
"09","12","17","297.78","1017","50","1","266","1","1","49","-2"
"09","12","17","297.78","1017","50","1","266","1","1","56","-1"
"09","12","18","298.48","1017","44","1","266","1","1","03","-1"
"09","12","18","298.48","1017","44","1","266","1","1","17","-1"
"09","12","18","298.48","1017","44","1","266","1","1","24","1"
"09","12","18","298.48","1017","44","1","266","1","1","31","-2"
"09","12","18","298.48","1017","44","1","266","1","1","38","1"
"09","12","18","298.48","1017","44","1","266","1","1","45","1"
"09","12","18","298.48","1017","44","1","266","1","1","52","2"
"09","12","18","298.48","1017","44","1","266","1","1","59","0"
"09","12","18","298.48","1017","44","1","266","1","1","59","3"
"09","12","19","298.81","1016","47","1","0","1","1","06","-1"
"09","12","19","298.81","1016","47","1","0","1","1","20","0"
"09","12","19","298.81","1016","47","1","0","1","1","21","-4"
"09","12","19","298.81","1016","47","1","0","1","1","31","-2"
"09","12","19","298.81","1016","47","1","0","1","1","37","-3"
"09","12","19","298.81","1016","47","1","0","1","1","46","4"
"09","12","19","298.81","1016","47","1","0","1","1","57","1"
"09","12","20","299.14","1014","34","3","280","90","4","03","3"
"09","12","20","299.14","1014","34","3","280","90","4","10","2"
"09","12","20","299.14","1014","34","3","280","90","4","19","1"
"09","12","20","299.14","1014","34","3","280","90","4","28","-2"
"09","12","20","299.14","1014","34","3","280","90","4","28","-1"
"09","12","20","299.14","1014","34","3","280","90","4","37","-4"
"09","12","20","299.14","1014","34","3","280","90","4","37","-3"
"09","12","20","299.14","1014","34","3","280","90","4","46","-1"
"09","12","20","299.14","1014","34","3","280","90","4","55","-2"
"09","12","21","299.07","1014","34","2","270","1","1","04","-1"
"09","12","21","299.07","1014","34","2","270","1","1","13","-1"
"09","12","21","299.07","1014","34","2","270","1","1","22","4"
"09","12","21","299.07","1014","34","2","270","1","1","36","0"
"09","12","21","299.07","1014","34","2","270","1","1","48","3"
"09","12","22","298.89","1014","34","1","237","1","1","00","-2"
"09","12","22","298.89","1014","34","1","237","1","1","06","0"
"09","12","22","298.89","1014","34","1","237","1","1","06","-3"
"09","12","22","298.89","1014","34","1","237","1","1","12","2"
"09","12","22","298.89","1014","34","1","237","1","1","38","0"
"09","12","22","298.89","1014","34","1","237","1","1","38","4"
"09","12","22","298.89","1014","34","1","237","1","1","51","2"
"09","13","01","293.47","1014","53","1","260","1","1","34","7"
"09","13","01","293.47","1014","53","1","260","1","1","54","9"
"09","13","02","292.63","1014","56","1","0","1","1","14","6"
"09","13","02","292.63","1014","56","1","0","1","1","34","1"
"09","13","02","292.63","1014","56","1","0","1","1","54","6"
"09","13","03","291.64","1014","60","2","250","1","50","14","5"
"09","13","03","291.64","1014","60","2","250","1","50","14","-2"
"09","13","03","291.64","1014","60","2","250","1","50","54","1"
"09","13","03","291.64","1014","60","2","250","1","50","54","-2"
"09","13","04","290.84","1013","77","2","240","75","4","34","9"
"09","13","04","290.84","1013","77","2","240","75","4","34","-2"
"09","13","05","291.12","1014","77","2","254","1","1","14","5"
"09","13","05","291.12","1014","77","2","254","1","1","14","6"
"09","13","05","291.12","1014","77","2","254","1","1","30","-9"
"09","13","05","291.12","1014","77","2","254","1","1","49","4"
"09","13","06","289.68","1013","77","1","280","75","4","00","3"
"09","13","06","289.68","1013","77","1","280","75","4","00","-1"
"09","13","06","289.68","1013","77","1","280","75","4","22","1"
"09","13","06","289.68","1013","77","1","280","75","4","32","-5"
"09","13","06","289.68","1013","77","1","280","75","4","42","0"
"09","13","06","289.68","1013","77","1","280","75","4","51","0"
"09","13","06","289.68","1013","77","1","280","75","4","55","2"
"09","13","07","289.17","1013","88","2","230","40","50","03","0"
"09","13","07","289.17","1013","88","2","230","40","50","12","0"
"09","13","07","289.17","1013","88","2","230","40","50","17","3"
"09","13","07","289.17","1013","88","2","230","40","50","26","1"
"09","13","07","289.17","1013","88","2","230","40","50","26","-3"
"09","13","07","289.17","1013","88","2","230","40","50","33","1"
"09","13","07","289.17","1013","88","2","230","40","50","39","-3"
"09","13","07","289.17","1013","88","2","230","40","50","45","-3"
"09","13","07","289.17","1013","88","2","230","40","50","57","0"
"09","13","08","288.63","1014","72","1","258","1","50","03","0"
"09","13","08","288.63","1014","72","1","258","1","50","03","-3"
"09","13","08","288.63","1014","72","1","258","1","50","03","-1"
"09","13","08","288.63","1014","72","1","258","1","50","16","2"
"09","13","08","288.63","1014","72","1","258","1","50","27","0"
"09","13","08","288.63","1014","72","1","258","1","50","37","1"
"09","13","08","288.63","1014","72","1","258","1","50","41","1"
"09","13","08","288.63","1014","72","1","258","1","50","46","-2"
"09","13","08","288.63","1014","72","1","258","1","50","52","1"
"09","13","08","288.63","1014","72","1","258","1","50","58","-3"
"09","13","08","288.63","1014","72","1","258","1","50","58","-2"
"09","13","09","289.13","1013","87","1","258","1","50","04","-3"
"09","13","09","289.13","1013","87","1","258","1","50","10","2"
"09","13","09","289.13","1013","87","1","258","1","50","10","-2"
"09","13","09","289.13","1013","87","1","258","1","50","16","-1"
"09","13","09","289.13","1013","87","1","258","1","50","21","-2"
"09","13","09","289.13","1013","87","1","258","1","50","27","-1"
"09","13","09","289.13","1013","87","1","258","1","50","34","1"
"09","13","09","289.13","1013","87","1","258","1","50","40","-3"
"09","13","09","289.13","1013","87","1","258","1","50","46","1"
"09","13","09","289.13","1013","87","1","258","1","50","52","2"
"09","13","10","288.53","1013","87","2","230","40","50","00","3"
"09","13","10","288.53","1013","87","2","230","40","50","07","1"
"09","13","10","288.53","1013","87","2","230","40","50","15","2"
"09","13","10","288.53","1013","87","2","230","40","50","23","-2"
"09","13","10","288.53","1013","87","2","230","40","50","29","2"
"09","13","10","288.53","1013","87","2","230","40","50","29","-1"
"09","13","10","288.53","1013","87","2","230","40","50","45","3"
"09","13","10","288.53","1013","87","2","230","40","50","53","2"
"09","13","11","287.89","1014","87","1","244","1","50","01","-4"
"09","13","11","287.89","1014","87","1","244","1","50","17","1"
"09","13","11","287.89","1014","87","1","244","1","50","17","2"
"09","13","11","287.89","1014","87","1","244","1","50","17","-4"
"09","13","11","287.89","1014","87","1","244","1","50","17","-1"
"09","13","11","287.89","1014","87","1","244","1","50","25","-1"
"09","13","11","287.89","1014","87","1","244","1","50","33","3"
"09","13","11","287.89","1014","87","1","244","1","50","41","2"
"09","13","11","287.89","1014","87","1","244","1","50","49","-4"
"09","13","12","290.33","1015","72","1","244","1","1","05","1"
"09","13","12","290.33","1015","72","1","244","1","1","13","2"
"09","13","12","290.33","1015","72","1","244","1","1","13","-3"
"09","13","12","290.33","1015","72","1","244","1","1","21","-3"
"09","13","12","290.33","1015","72","1","244","1","1","37","-4"
"09","13","12","290.33","1015","72","1","244","1","1","45","3"
"09","13","12","290.33","1015","72","1","244","1","1","53","2"
"09","13","12","290.33","1015","72","1","244","1","1","53","-1"
"09","13","13","292.56","1015","64","1","244","1","1","01","2"
"09","13","13","292.56","1015","64","1","244","1","1","09","3"
"09","13","13","292.56","1015","64","1","244","1","1","17","-1"
"09","13","13","292.56","1015","64","1","244","1","1","25","-2"
"09","13","13","292.56","1015","64","1","244","1","1","33","2"
"09","13","13","292.56","1015","64","1","244","1","1","41","1"
"09","13","13","292.56","1015","64","1","244","1","1","49","2"
"09","13","13","292.56","1015","64","1","244","1","1","57","1"
"09","13","14","295.35","1014","60","2","270","1","1","05","-2"
"09","13","14","295.35","1014","60","2","270","1","1","13","-4"
"09","13","14","295.35","1014","60","2","270","1","1","29","2"
"09","13","14","295.35","1014","60","2","270","1","1","29","-4"
"09","13","14","295.35","1014","60","2","270","1","1","37","3"
"09","13","14","295.35","1014","60","2","270","1","1","53","1"
"09","13","14","295.35","1014","60","2","270","1","1","53","-4"
"09","13","15","297.69","1014","53","1","236","1","1","01","0"
"09","13","15","297.69","1014","53","1","236","1","1","09","1"
"09","13","15","297.69","1014","53","1","236","1","1","17","3"
"09","13","15","297.69","1014","53","1","236","1","1","17","-2"
"09","13","15","297.69","1014","53","1","236","1","1","33","2"
"09","13","15","297.69","1014","53","1","236","1","1","45","1"
"09","13","15","297.69","1014","53","1","236","1","1","45","-1"
"09","13","16","297.87","1013","50","1","236","1","1","02","-3"
"09","13","16","297.87","1013","50","1","236","1","1","10","3"
"09","13","16","297.87","1013","50","1","236","1","1","18","1"
"09","13","16","297.87","1013","50","1","236","1","1","18","2"
"09","13","16","297.87","1013","50","1","236","1","1","25","2"
"09","13","16","297.87","1013","50","1","236","1","1","32","-2"
"09","13","16","297.87","1013","50","1","236","1","1","39","2"
"09","13","16","297.87","1013","50","1","236","1","1","39","-1"
"09","13","16","297.87","1013","50","1","236","1","1","53","2"
"09","13","17","299.05","1013","50","3","280","1","1","00","-3"
"09","13","17","299.05","1013","50","3","280","1","1","07","-3"
"09","13","17","299.05","1013","50","3","280","1","1","14","1"
"09","13","17","299.05","1013","50","3","280","1","1","14","3"
"09","13","17","299.05","1013","50","3","280","1","1","21","1"
"09","13","17","299.05","1013","50","3","280","1","1","28","0"
"09","13","17","299.05","1013","50","3","280","1","1","35","2"
"09","13","17","299.05","1013","50","3","280","1","1","35","-1"
"09","13","17","299.05","1013","50","3","280","1","1","42","3"
"09","13","17","299.05","1013","50","3","280","1","1","49","-2"
"09","13","17","299.05","1013","50","3","280","1","1","56","2"
"09","13","18","299.87","1013","51","2","300","1","1","03","3"
"09","13","18","299.87","1013","51","2","300","1","1","03","3"
"09","13","18","299.87","1013","51","2","300","1","1","17","0"
"09","13","18","299.87","1013","51","2","300","1","1","17","0"
"09","13","18","299.87","1013","51","2","300","1","1","24","1"
"09","13","18","299.87","1013","51","2","300","1","1","24","-3"
"09","13","18","299.87","1013","51","2","300","1","1","38","3"
"09","13","18","299.87","1013","51","2","300","1","1","45","1"
"09","13","18","299.87","1013","51","2","300","1","1","52","0"
"09","13","18","299.87","1013","51","2","300","1","1","59","1"
"09","13","19","299.14","1012","54","2","210","75","10","06","-1"
"09","13","19","299.14","1012","54","2","210","75","10","13","-3"
"09","13","19","299.14","1012","54","2","210","75","10","21","-4"
"09","13","19","299.14","1012","54","2","210","75","10","31","-1"
"09","13","19","299.14","1012","54","2","210","75","10","37","2"
"09","13","19","299.14","1012","54","2","210","75","10","46","3"
"09","13","19","299.14","1012","54","2","210","75","10","57","0"
"09","13","19","299.14","1012","54","2","210","75","10","57","-1"
"09","13","20","296.56","1012","69","3","270","90","50","10","-1"
"09","13","20","296.56","1012","69","3","270","90","50","19","-4"
"09","13","20","296.56","1012","69","3","270","90","50","28","-4"
"09","13","20","296.56","1012","69","3","270","90","50","37","-3"
"09","13","20","296.56","1012","69","3","270","90","50","37","-3"
"09","13","20","296.56","1012","69","3","270","90","50","46","-3"
"09","13","20","296.56","1012","69","3","270","90","50","55","-4"
"09","13","21","295.69","1012","88","2","221","90","50","04","-3"
"09","13","21","295.69","1012","88","2","221","90","50","22","1"
"09","13","21","295.69","1012","88","2","221","90","50","22","-4"
"09","13","21","295.69","1012","88","2","221","90","50","36","5"
"09","13","21","295.69","1012","88","2","221","90","50","48","5"
"09","13","22","295.6","1011","73","2","0","90","50","00","2"
"09","13","22","295.6","1011","73","2","0","90","50","06","0"
"09","13","22","295.6","1011","73","2","0","90","50","12","0"
"09","13","22","295.6","1011","73","2","0","90","50","25","2"
"09","13","22","295.6","1011","73","2","0","90","50","38","6"
"09","13","22","295.6","1011","73","2","0","90","50","51","1"
"09","08","00","292.96","1015","52","2","260","1","1","54","-4"
"09","08","01","291.87","1016","52","4","255","1","1","14","1"
"09","08","01","291.87","1016","52","4","255","1","1","34","6"
"09","08","01","291.87","1016","52","4","255","1","1","54","4"
"09","08","02","291.14","1017","55","1","0","1","1","14","-5"
"09","08","02","291.14","1017","55","1","0","1","1","34","8"
"09","08","02","291.14","1017","55","1","0","1","1","54","3"
"09","08","03","289.55","1017","55","3","255","1","1","14","0"
"09","08","03","289.55","1017","55","3","255","1","1","34","3"
"09","08","03","289.55","1017","55","3","255","1","1","54","3"
"09","08","04","288.9","1018","63","3","255","1","1","14","1"
"09","08","04","288.9","1018","63","3","255","1","1","34","1"
"09","08","04","288.9","1018","63","3","255","1","1","54","0"
"09","08","05","288.81","1017","72","3","262","1","1","14","5"
"09","08","05","288.81","1017","72","3","262","1","1","30","1"
"09","08","05","288.81","1017","72","3","262","1","1","49","4"
"09","08","06","288.56","1017","77","3","262","1","1","00","-1"
"09","08","06","288.56","1017","77","3","262","1","1","22","1"
"09","08","06","288.56","1017","77","3","262","1","1","32","3"
"09","08","06","288.56","1017","77","3","262","1","1","51","0"
"09","08","06","288.56","1017","77","3","262","1","1","51","-1"
"09","08","06","288.56","1017","77","3","262","1","1","55","-1"
"09","08","07","287.09","1018","82","2","250","1","50","12","0"
"09","08","07","287.09","1018","82","2","250","1","50","12","2"
"09","08","07","287.09","1018","82","2","250","1","50","17","-3"
"09","08","07","287.09","1018","82","2","250","1","50","24","-1"
"09","08","07","287.09","1018","82","2","250","1","50","26","1"
"09","08","07","287.09","1018","82","2","250","1","50","39","0"
"09","08","07","287.09","1018","82","2","250","1","50","45","0"
"09","08","07","287.09","1018","82","2","250","1","50","51","1"
"09","08","07","287.09","1018","82","2","250","1","50","57","1"
"09","08","07","287.09","1018","82","2","250","1","50","57","-2"
"09","08","08","286.39","1018","67","3","260","1","1","03","1"
"09","08","08","286.39","1018","67","3","260","1","1","03","3"
"09","08","08","286.39","1018","67","3","260","1","1","10","-2"
"09","08","08","286.39","1018","67","3","260","1","1","10","-1"
"09","08","08","286.39","1018","67","3","260","1","1","32","-1"
"09","08","08","286.39","1018","67","3","260","1","1","37","-2"
"09","08","08","286.39","1018","67","3","260","1","1","46","1"
"09","08","08","286.39","1018","67","3","260","1","1","52","1"
"09","08","08","286.39","1018","67","3","260","1","1","58","0"
"09","08","08","286.39","1018","67","3","260","1","1","58","-1"
"09","08","09","286.81","1018","82","2","230","1","1","04","-2"
"09","08","09","286.81","1018","82","2","230","1","1","10","-2"
"09","08","09","286.81","1018","82","2","230","1","1","16","-2"
"09","08","09","286.81","1018","82","2","230","1","1","16","-1"
"09","08","09","286.81","1018","82","2","230","1","1","21","2"
"09","08","09","286.81","1018","82","2","230","1","1","27","1"
"09","08","09","286.81","1018","82","2","230","1","1","27","-1"
"09","08","09","286.81","1018","82","2","230","1","1","34","-1"
"09","08","09","286.81","1018","82","2","230","1","1","40","1"
"09","08","09","286.81","1018","82","2","230","1","1","40","-3"
"09","08","09","286.81","1018","82","2","230","1","1","40","-1"
"09","08","09","286.81","1018","82","2","230","1","1","52","-3"
"09","08","10","286.06","1019","77","3","260","1","50","00","0"
"09","08","10","286.06","1019","77","3","260","1","50","15","2"
"09","08","10","286.06","1019","77","3","260","1","50","15","-4"
"09","08","10","286.06","1019","77","3","260","1","50","23","0"
"09","08","10","286.06","1019","77","3","260","1","50","23","-1"
"09","08","10","286.06","1019","77","3","260","1","50","37","1"
"09","08","10","286.06","1019","77","3","260","1","50","37","-4"
"09","08","10","286.06","1019","77","3","260","1","50","37","-1"
"09","08","10","286.06","1019","77","3","260","1","50","53","0"
"09","08","10","286.06","1019","77","3","260","1","50","53","-1"
"09","08","11","286.14","1019","77","1","0","1","1","01","-1"
"09","08","11","286.14","1019","77","1","0","1","1","09","2"
"09","08","11","286.14","1019","77","1","0","1","1","09","-1"
"09","08","11","286.14","1019","77","1","0","1","1","33","2"
"09","08","11","286.14","1019","77","1","0","1","1","33","-1"
"09","08","11","286.14","1019","77","1","0","1","1","41","-1"
"09","08","11","286.14","1019","77","1","0","1","1","49","-2"
"09","08","11","286.14","1019","77","1","0","1","1","49","-1"
"09","08","11","286.14","1019","77","1","0","1","1","57","-1"
"09","08","12","288.15","1020","72","3","261","1","1","05","-1"
"09","08","12","288.15","1020","72","3","261","1","1","13","-1"
"09","08","12","288.15","1020","72","3","261","1","1","21","0"
"09","08","12","288.15","1020","72","3","261","1","1","21","-1"
"09","08","12","288.15","1020","72","3","261","1","1","37","-3"
"09","08","12","288.15","1020","72","3","261","1","1","45","0"
"09","08","12","288.15","1020","72","3","261","1","1","53","-4"
"09","08","13","290.33","1020","63","2","280","1","1","01","3"
"09","08","13","290.33","1020","63","2","280","1","1","09","-3"
"09","08","13","290.33","1020","63","2","280","1","1","33","3"
"09","08","13","290.33","1020","63","2","280","1","1","33","-2"
"09","08","13","290.33","1020","63","2","280","1","1","41","3"
"09","08","13","290.33","1020","63","2","280","1","1","41","-3"
"09","08","13","290.33","1020","63","2","280","1","1","49","-2"
"09","08","13","290.33","1020","63","2","280","1","1","57","0"
"09","08","14","291.6","1020","59","2","0","1","1","05","1"
"09","08","14","291.6","1020","59","2","0","1","1","05","-1"
"09","08","14","291.6","1020","59","2","0","1","1","13","2"
"09","08","14","291.6","1020","59","2","0","1","1","21","-4"
"09","08","14","291.6","1020","59","2","0","1","1","21","-1"
"09","08","14","291.6","1020","59","2","0","1","1","37","-4"
"09","08","14","291.6","1020","59","2","0","1","1","37","-3"
"09","08","14","291.6","1020","59","2","0","1","1","45","3"
"09","08","14","291.6","1020","59","2","0","1","1","45","-1"
"09","08","15","292.97","1020","55","1","0","1","1","01","2"
"09","08","15","292.97","1020","55","1","0","1","1","09","-4"
"09","08","15","292.97","1020","55","1","0","1","1","17","1"
"09","08","15","292.97","1020","55","1","0","1","1","25","1"
"09","08","15","292.97","1020","55","1","0","1","1","33","3"
"09","08","15","292.97","1020","55","1","0","1","1","45","-4"
"09","08","15","292.97","1020","55","1","0","1","1","54","-4"
"09","08","16","293.06","1020","49","7","290","1","1","02","-4"
"09","08","16","293.06","1020","49","7","290","1","1","10","0"
"09","08","16","293.06","1020","49","7","290","1","1","10","-3"
"09","08","16","293.06","1020","49","7","290","1","1","25","2"
"09","08","16","293.06","1020","49","7","290","1","1","32","1"
"09","08","16","293.06","1020","49","7","290","1","1","39","3"
"09","08","16","293.06","1020","49","7","290","1","1","46","0"
"09","08","16","293.06","1020","49","7","290","1","1","46","-2"
"09","08","17","294.24","1020","46","3","290","40","3","00","-1"
"09","08","17","294.24","1020","46","3","290","40","3","07","3"
"09","08","17","294.24","1020","46","3","290","40","3","14","1"
"09","08","17","294.24","1020","46","3","290","40","3","21","1"
"09","08","17","294.24","1020","46","3","290","40","3","21","-3"
"09","08","17","294.24","1020","46","3","290","40","3","28","3"
"09","08","17","294.24","1020","46","3","290","40","3","35","1"
"09","08","17","294.24","1020","46","3","290","40","3","42","3"
"09","08","17","294.24","1020","46","3","290","40","3","42","-2"
"09","08","17","294.24","1020","46","3","290","40","3","56","-2"
"09","08","18","294.33","1020","49","6","300","75","4","03","0"
"09","08","18","294.33","1020","49","6","300","75","4","03","-2"
"09","08","18","294.33","1020","49","6","300","75","4","10","3"
"09","08","18","294.33","1020","49","6","300","75","4","17","3"
"09","08","18","294.33","1020","49","6","300","75","4","31","0"
"09","08","18","294.33","1020","49","6","300","75","4","31","-1"
"09","08","18","294.33","1020","49","6","300","75","4","38","-2"
"09","08","18","294.33","1020","49","6","300","75","4","45","-1"
"09","08","18","294.33","1020","49","6","300","75","4","52","-2"
"09","08","19","294.88","1020","46","2","0","20","2","06","1"
"09","08","19","294.88","1020","46","2","0","20","2","13","-3"
"09","08","19","294.88","1020","46","2","0","20","2","21","1"
"09","08","19","294.88","1020","46","2","0","20","2","31","-3"
"09","08","19","294.88","1020","46","2","0","20","2","37","1"
"09","08","19","294.88","1020","46","2","0","20","2","46","0"
"09","08","19","294.88","1020","46","2","0","20","2","57","0"
"09","08","20","294.56","1020","46","3","270","75","4","10","1"
"09","08","20","294.56","1020","46","3","270","75","4","10","-2"
"09","08","20","294.56","1020","46","3","270","75","4","19","3"
"09","08","20","294.56","1020","46","3","270","75","4","28","3"
"09","08","20","294.56","1020","46","3","270","75","4","37","0"
"09","08","20","294.56","1020","46","3","270","75","4","37","-3"
"09","08","20","294.56","1020","46","3","270","75","4","46","3"
"09","08","20","294.56","1020","46","3","270","75","4","55","-4"
"09","08","21","294.51","1020","46","2","0","1","1","04","3"
"09","08","21","294.51","1020","46","2","0","1","1","13","-4"
"09","08","21","294.51","1020","46","2","0","1","1","22","2"
"09","08","21","294.51","1020","46","2","0","1","1","36","0"
"09","08","21","294.51","1020","46","2","0","1","1","36","0"
"09","08","21","294.51","1020","46","2","0","1","1","48","4"
"09","08","22","294.33","1020","49","3","270","40","3","25","-5"
"09","08","22","294.33","1020","49","3","270","40","3","38","5"
"09","08","22","294.33","1020","49","3","270","40","3","51","-4"
"09","06","01","295.32","1011","83","5","209","40","50","54","6"
"09","06","02","294.73","1011","73","4","198","90","4","14","8"
"09","06","02","294.73","1011","73","4","198","90","4","34","8"
"09","06","02","294.73","1011","73","4","198","90","4","54","8"
"09","06","03","294.14","1012","73","4","198","20","10","14","9"
"09","06","03","294.14","1012","73","4","198","20","10","34","9"
"09","06","04","294.14","1010","68","4","198","1","10","14","6"
"09","06","04","294.14","1010","68","4","198","1","10","34","4"
"09","06","04","294.14","1010","68","4","198","1","10","34","-1"
"09","06","05","293.37","1011","73","3","255","40","50","14","5"
"09","06","05","293.37","1011","73","3","255","40","50","30","7"
"09","06","05","293.37","1011","73","3","255","40","50","49","4"
"09","06","06","293.3","1012","73","1","0","90","50","00","1"
"09","06","06","293.3","1012","73","1","0","90","50","00","-1"
"09","06","06","293.3","1012","73","1","0","90","50","12","-1"
"09","06","06","293.3","1012","73","1","0","90","50","32","2"
"09","06","06","293.3","1012","73","1","0","90","50","42","4"
"09","06","06","293.3","1012","73","1","0","90","50","51","1"
"09","06","07","293.37","1011","77","2","290","40","50","03","0"
"09","06","07","293.37","1011","77","2","290","40","50","03","-1"
"09","06","07","293.37","1011","77","2","290","40","50","12","2"
"09","06","07","293.37","1011","77","2","290","40","50","26","0"
"09","06","07","293.37","1011","77","2","290","40","50","26","3"
"09","06","07","293.37","1011","77","2","290","40","50","26","-3"
"09","06","07","293.37","1011","77","2","290","40","50","33","-2"
"09","06","07","293.37","1011","77","2","290","40","50","45","-3"
"09","06","07","293.37","1011","77","2","290","40","50","51","1"
"09","06","07","293.37","1011","77","2","290","40","50","51","-1"
"09","06","07","293.37","1011","77","2","290","40","50","57","-3"
"09","06","08","293.22","1011","77","1","304","20","50","03","1"
"09","06","08","293.22","1011","77","1","304","20","50","10","2"
"09","06","08","293.22","1011","77","1","304","20","50","16","0"
"09","06","08","293.22","1011","77","1","304","20","50","22","0"
"09","06","08","293.22","1011","77","1","304","20","50","37","0"
"09","06","08","293.22","1011","77","1","304","20","50","41","0"
"09","06","08","293.22","1011","77","1","304","20","50","41","-1"
"09","06","08","293.22","1011","77","1","304","20","50","46","1"
"09","06","08","293.22","1011","77","1","304","20","50","52","1"
"09","06","08","293.22","1011","77","1","304","20","50","52","-2"
"09","06","08","293.22","1011","77","1","304","20","50","58","2"
"09","06","09","292.99","1011","77","1","304","75","50","04","-1"
"09","06","09","292.99","1011","77","1","304","75","50","16","2"
"09","06","09","292.99","1011","77","1","304","75","50","21","1"
"09","06","09","292.99","1011","77","1","304","75","50","27","1"
"09","06","09","292.99","1011","77","1","304","75","50","27","-2"
"09","06","09","292.99","1011","77","1","304","75","50","34","2"
"09","06","09","292.99","1011","77","1","304","75","50","40","-1"
"09","06","09","292.99","1011","77","1","304","75","50","46","0"
"09","06","10","292.99","1010","100","1","304","90","50","15","1"
"09","06","10","292.99","1010","100","1","304","90","50","23","0"
"09","06","10","292.99","1010","100","1","304","90","50","23","-1"
"09","06","10","292.99","1010","100","1","304","90","50","45","0"
"09","06","10","292.99","1010","100","1","304","90","50","45","-1"
"09","06","11","293.3","1011","100","1","77","90","50","01","-4"
"09","06","11","293.3","1011","100","1","77","90","50","09","1"
"09","06","11","293.3","1011","100","1","77","90","50","17","-3"
"09","06","11","293.3","1011","100","1","77","90","50","25","-3"
"09","06","11","293.3","1011","100","1","77","90","50","25","-1"
"09","06","11","293.3","1011","100","1","77","90","50","33","-1"
"09","06","11","293.3","1011","100","1","77","90","50","49","-2"
"09","06","11","293.3","1011","100","1","77","90","50","57","2"
"09","06","11","293.3","1011","100","1","77","90","50","57","-1"
"09","06","12","293.65","1012","88","1","77","75","50","05","3"
"09","06","12","293.65","1012","88","1","77","75","50","05","-1"
"09","06","12","293.65","1012","88","1","77","75","50","21","3"
"09","06","12","293.65","1012","88","1","77","75","50","21","-1"
"09","06","12","293.65","1012","88","1","77","75","50","45","2"
"09","06","12","293.65","1012","88","1","77","75","50","53","2"
"09","06","12","293.65","1012","88","1","77","75","50","53","-1"
"09","06","13","293.49","1010","88","3","320","75","50","01","0"
"09","06","13","293.49","1010","88","3","320","75","50","09","1"
"09","06","13","293.49","1010","88","3","320","75","50","17","2"
"09","06","13","293.49","1010","88","3","320","75","50","17","-1"
"09","06","13","293.49","1010","88","3","320","75","50","25","3"
"09","06","13","293.49","1010","88","3","320","75","50","33","3"
"09","06","13","293.49","1010","88","3","320","75","50","41","0"
"09","06","13","293.49","1010","88","3","320","75","50","49","3"
"09","06","13","293.49","1010","88","3","320","75","50","57","1"
"09","06","14","292.68","1013","88","3","300","90","50","05","3"
"09","06","14","292.68","1013","88","3","300","90","50","05","-1"
"09","06","14","292.68","1013","88","3","300","90","50","21","-4"
"09","06","14","292.68","1013","88","3","300","90","50","29","1"
"09","06","14","292.68","1013","88","3","300","90","50","29","-1"
"09","06","14","292.68","1013","88","3","300","90","50","45","2"
"09","06","14","292.68","1013","88","3","300","90","50","53","2"
"09","06","15","291.98","1013","88","1","281","90","10","01","-2"
"09","06","15","291.98","1013","88","1","281","90","10","09","2"
"09","06","15","291.98","1013","88","1","281","90","10","17","-4"
"09","06","15","291.98","1013","88","1","281","90","10","25","1"
"09","06","15","291.98","1013","88","1","281","90","10","33","2"
"09","06","15","291.98","1013","88","1","281","90","10","41","-1"
"09","06","16","291.98","1013","93","3","50","90","10","02","1"
"09","06","16","291.98","1013","93","3","50","90","10","02","-2"
"09","06","16","291.98","1013","93","3","50","90","10","10","3"
"09","06","16","291.98","1013","93","3","50","90","10","18","3"
"09","06","16","291.98","1013","93","3","50","90","10","25","3"
"09","06","16","291.98","1013","93","3","50","90","10","32","1"
"09","06","16","291.98","1013","93","3","50","90","10","39","-2"
"09","06","16","291.98","1013","93","3","50","90","10","46","2"
"09","06","16","291.98","1013","93","3","50","90","10","53","-3"
"09","06","17","291.32","1012","82","3","70","90","10","00","3"
"09","06","17","291.32","1012","82","3","70","90","10","00","-3"
"09","06","17","291.32","1012","82","3","70","90","10","14","3"
"09","06","17","291.32","1012","82","3","70","90","10","14","-3"
"09","06","17","291.32","1012","82","3","70","90","10","21","1"
"09","06","17","291.32","1012","82","3","70","90","10","28","3"
"09","06","17","291.32","1012","82","3","70","90","10","35","-1"
"09","06","17","291.32","1012","82","3","70","90","10","49","0"
"09","06","17","291.32","1012","82","3","70","90","10","49","0"
"09","06","17","291.32","1012","82","3","70","90","10","49","-3"
"09","06","18","290.78","1013","88","2","0","90","50","03","-3"
"09","06","18","290.78","1013","88","2","0","90","50","10","1"
"09","06","18","290.78","1013","88","2","0","90","50","10","-1"
"09","06","18","290.78","1013","88","2","0","90","50","17","0"
"09","06","18","290.78","1013","88","2","0","90","50","24","3"
"09","06","18","290.78","1013","88","2","0","90","50","31","2"
"09","06","18","290.78","1013","88","2","0","90","50","38","2"
"09","06","18","290.78","1013","88","2","0","90","50","45","1"
"09","06","18","290.78","1013","88","2","0","90","50","52","0"
"09","06","18","290.78","1013","88","2","0","90","50","59","1"
"09","06","19","290.51","1013","93","2","0","90","50","13","0"
"09","06","19","290.51","1013","93","2","0","90","50","13","3"
"09","06","19","290.51","1013","93","2","0","90","50","21","-3"
"09","06","19","290.51","1013","93","2","0","90","50","37","0"
"09","06","19","290.51","1013","93","2","0","90","50","37","-3"
"09","06","19","290.51","1013","93","2","0","90","50","46","2"
"09","06","19","290.51","1013","93","2","0","90","50","57","1"
"09","06","20","290.24","1012","93","5","340","90","50","03","-1"
"09","06","20","290.24","1012","93","5","340","90","50","10","4"
"09","06","20","290.24","1012","93","5","340","90","50","10","-1"
"09","06","20","290.24","1012","93","5","340","90","50","19","-2"
"09","06","20","290.24","1012","93","5","340","90","50","28","-2"
"09","06","20","290.24","1012","93","5","340","90","50","37","-3"
"09","06","20","290.24","1012","93","5","340","90","50","46","2"
"09","06","20","290.24","1012","93","5","340","90","50","55","-1"
"09","06","21","290.51","1013","93","2","0","90","50","04","-2"
"09","06","21","290.51","1013","93","2","0","90","50","13","-1"
"09","06","21","290.51","1013","93","2","0","90","50","22","-4"
"09","06","21","290.51","1013","93","2","0","90","50","36","4"
"09","06","21","290.51","1013","93","2","0","90","50","48","-2"
"09","06","22","290.33","1014","88","3","0","90","50","00","2"
"09","06","22","290.33","1014","88","3","0","90","50","06","-1"
"09","06","22","290.33","1014","88","3","0","90","50","12","6"
"09","06","22","290.33","1014","88","3","0","90","50","25","-2"
"09","06","22","290.33","1014","88","3","0","90","50","38","5"
"09","06","22","290.33","1014","88","3","0","90","50","51","4"
"09","07","01","289.96","1013","93","2","21","90","50","14","0"
"09","07","01","289.96","1013","93","2","21","90","50","34","6"
"09","07","01","289.96","1013","93","2","21","90","50","54","8"
"09","07","02","289.42","1013","93","1","0","90","50","14","3"
"09","07","02","289.42","1013","93","1","0","90","50","34","1"
"09","07","02","289.42","1013","93","1","0","90","50","54","0"
"09","07","03","289.33","1013","93","2","2","90","50","14","5"
"09","07","03","289.33","1013","93","2","2","90","50","54","4"
"09","07","04","289.43","1011","100","3","50","90","50","14","3"
"09","07","04","289.43","1011","100","3","50","90","50","34","5"
"09","07","04","289.43","1011","100","3","50","90","50","54","0"
"09","07","05","289.61","1012","93","1","0","90","50","14","-7"
"09","07","05","289.61","1012","93","1","0","90","50","14","-2"
"09","07","05","289.61","1012","93","1","0","90","50","49","3"
"09","07","06","289.6","1011","93","2","0","90","50","00","5"
"09","07","06","289.6","1011","93","2","0","90","50","12","0"
"09","07","06","289.6","1011","93","2","0","90","50","22","4"
"09","07","06","289.6","1011","93","2","0","90","50","32","2"
"09","07","06","289.6","1011","93","2","0","90","50","42","0"
"09","07","06","289.6","1011","93","2","0","90","50","55","0"
"09","07","06","289.6","1011","93","2","0","90","50","55","0"
"09","07","06","289.6","1011","93","2","0","90","50","55","2"
"09","07","06","289.6","1011","93","2","0","90","50","55","-1"
"09","07","07","289.33","1012","100","1","280","90","50","12","1"
"09","07","07","289.33","1012","100","1","280","90","50","17","-2"
"09","07","07","289.33","1012","100","1","280","90","50","26","0"
"09","07","07","289.33","1012","100","1","280","90","50","26","3"
"09","07","07","289.33","1012","100","1","280","90","50","33","-2"
"09","07","07","289.33","1012","100","1","280","90","50","45","-3"
"09","07","07","289.33","1012","100","1","280","90","50","51","-3"
"09","07","07","289.33","1012","100","1","280","90","50","57","0"
"09","07","07","289.33","1012","100","1","280","90","50","57","-2"
"09","07","08","289.15","1011","100","3","280","90","50","03","3"
"09","07","08","289.15","1011","100","3","280","90","50","10","-3"
"09","07","08","289.15","1011","100","3","280","90","50","16","-1"
"09","07","08","289.15","1011","100","3","280","90","50","22","1"
"09","07","08","289.15","1011","100","3","280","90","50","27","-2"
"09","07","08","289.15","1011","100","3","280","90","50","41","0"
"09","07","08","289.15","1011","100","3","280","90","50","52","1"
"09","07","08","289.15","1011","100","3","280","90","50","58","0"
"09","07","08","289.15","1011","100","3","280","90","50","58","-1"
"09","07","08","289.15","1011","100","3","280","90","50","58","-1"
"09","07","09","289.06","1010","100","5","290","90","50","10","2"
"09","07","09","289.06","1010","100","5","290","90","50","21","0"
"09","07","09","289.06","1010","100","5","290","90","50","21","2"
"09","07","09","289.06","1010","100","5","290","90","50","34","0"
"09","07","09","289.06","1010","100","5","290","90","50","34","-2"
"09","07","09","289.06","1010","100","5","290","90","50","40","-1"
"09","07","09","289.06","1010","100","5","290","90","50","40","-1"
"09","07","09","289.06","1010","100","5","290","90","50","46","-3"
"09","07","09","289.06","1010","100","5","290","90","50","52","-4"
"09","07","09","289.06","1010","100","5","290","90","50","52","-1"
"09","07","10","288.89","1011","87","3","260","90","50","07","0"
"09","07","10","288.89","1011","87","3","260","90","50","15","0"
"09","07","10","288.89","1011","87","3","260","90","50","15","-2"
"09","07","10","288.89","1011","87","3","260","90","50","29","3"
"09","07","10","288.89","1011","87","3","260","90","50","37","0"
"09","07","10","288.89","1011","87","3","260","90","50","45","-2"
"09","07","10","288.89","1011","87","3","260","90","50","53","2"
"09","07","11","288.51","1012","93","3","256","40","3","01","2"
"09","07","11","288.51","1012","93","3","256","40","3","01","-4"
"09","07","11","288.51","1012","93","3","256","40","3","01","-1"
"09","07","11","288.51","1012","93","3","256","40","3","09","2"
"09","07","11","288.51","1012","93","3","256","40","3","09","-1"
"09","07","11","288.51","1012","93","3","256","40","3","25","2"
"09","07","11","288.51","1012","93","3","256","40","3","25","3"
"09","07","11","288.51","1012","93","3","256","40","3","33","1"
"09","07","11","288.51","1012","93","3","256","40","3","41","-4"
"09","07","11","288.51","1012","93","3","256","40","3","49","0"
"09","07","11","288.51","1012","93","3","256","40","3","57","-3"
"09","07","12","288.97","1013","87","2","0","20","2","05","2"
"09","07","12","288.97","1013","87","2","0","20","2","21","-3"
"09","07","12","288.97","1013","87","2","0","20","2","21","-1"
"09","07","12","288.97","1013","87","2","0","20","2","29","2"
"09","07","12","288.97","1013","87","2","0","20","2","37","0"
"09","07","12","288.97","1013","87","2","0","20","2","45","-2"
"09","07","12","288.97","1013","87","2","0","20","2","53","-4"
"09","07","13","289.51","1013","87","3","0","1","1","01","-2"
"09","07","13","289.51","1013","87","3","0","1","1","25","0"
"09","07","13","289.51","1013","87","3","0","1","1","25","-4"
"09","07","13","289.51","1013","87","3","0","1","1","33","3"
"09","07","13","289.51","1013","87","3","0","1","1","33","-1"
"09","07","13","289.51","1013","87","3","0","1","1","41","-4"
"09","07","13","289.51","1013","87","3","0","1","1","49","0"
"09","07","13","289.51","1013","87","3","0","1","1","49","-1"
"09","07","13","289.51","1013","87","3","0","1","1","57","-1"
"09","07","14","290.7","1013","82","2","0","20","2","05","-1"
"09","07","14","290.7","1013","82","2","0","20","2","21","1"
"09","07","14","290.7","1013","82","2","0","20","2","29","-4"
"09","07","14","290.7","1013","82","2","0","20","2","37","2"
"09","07","14","290.7","1013","82","2","0","20","2","53","0"
"09","07","15","291.57","1014","72","3","250","75","4","01","1"
"09","07","15","291.57","1014","72","3","250","75","4","01","-1"
"09","07","15","291.57","1014","72","3","250","75","4","09","3"
"09","07","15","291.57","1014","72","3","250","75","4","09","-2"
"09","07","15","291.57","1014","72","3","250","75","4","17","3"
"09","07","15","291.57","1014","72","3","250","75","4","33","0"
"09","07","15","291.57","1014","72","3","250","75","4","41","0"
"09","07","15","291.57","1014","72","3","250","75","4","54","0"
"09","07","16","291.65","1012","68","4","310","75","4","02","2"
"09","07","16","291.65","1012","68","4","310","75","4","10","1"
"09","07","16","291.65","1012","68","4","310","75","4","18","0"
"09","07","16","291.65","1012","68","4","310","75","4","25","1"
"09","07","16","291.65","1012","68","4","310","75","4","32","-2"
"09","07","16","291.65","1012","68","4","310","75","4","39","3"
"09","07","16","291.65","1012","68","4","310","75","4","46","0"
"09","07","16","291.65","1012","68","4","310","75","4","46","-3"
"09","07","17","292.89","1013","68","3","280","40","3","00","1"
"09","07","17","292.89","1013","68","3","280","40","3","07","1"
"09","07","17","292.89","1013","68","3","280","40","3","14","2"
"09","07","17","292.89","1013","68","3","280","40","3","14","-3"
"09","07","17","292.89","1013","68","3","280","40","3","21","0"
"09","07","17","292.89","1013","68","3","280","40","3","21","2"
"09","07","17","292.89","1013","68","3","280","40","3","21","-1"
"09","07","17","292.89","1013","68","3","280","40","3","28","-1"
"09","07","17","292.89","1013","68","3","280","40","3","42","2"
"09","07","17","292.89","1013","68","3","280","40","3","42","-3"
"09","07","17","292.89","1013","68","3","280","40","3","49","3"
"09","07","17","292.89","1013","68","3","280","40","3","56","-1"
"09","07","18","294.31","1013","60","3","236","75","4","03","-2"
"09","07","18","294.31","1013","60","3","236","75","4","17","-2"
"09","07","18","294.31","1013","60","3","236","75","4","24","0"
"09","07","18","294.31","1013","60","3","236","75","4","31","0"
"09","07","18","294.31","1013","60","3","236","75","4","38","0"
"09","07","18","294.31","1013","60","3","236","75","4","45","3"
"09","07","18","294.31","1013","60","3","236","75","4","52","-1"
"09","07","18","294.31","1013","60","3","236","75","4","59","-3"
"09","07","19","294.88","1013","56","3","290","20","2","06","1"
"09","07","19","294.88","1013","56","3","290","20","2","21","1"
"09","07","19","294.88","1013","56","3","290","20","2","21","-4"
"09","07","19","294.88","1013","56","3","290","20","2","31","1"
"09","07","19","294.88","1013","56","3","290","20","2","46","5"
"09","07","19","294.88","1013","56","3","290","20","2","46","-2"
"09","07","20","295.42","1013","53","2","0","75","4","03","1"
"09","07","20","295.42","1013","53","2","0","75","4","03","-1"
"09","07","20","295.42","1013","53","2","0","75","4","10","-4"
"09","07","20","295.42","1013","53","2","0","75","4","10","-2"
"09","07","20","295.42","1013","53","2","0","75","4","19","2"
"09","07","20","295.42","1013","53","2","0","75","4","28","4"
"09","07","20","295.42","1013","53","2","0","75","4","37","0"
"09","07","20","295.42","1013","53","2","0","75","4","55","0"
"09","07","21","295.15","1013","52","3","0","20","2","13","0"
"09","07","21","295.15","1013","52","3","0","20","2","13","-2"
"09","07","21","295.15","1013","52","3","0","20","2","22","-1"
"09","07","21","295.15","1013","52","3","0","20","2","36","5"
"09","07","21","295.15","1013","52","3","0","20","2","36","5"
"09","07","21","295.15","1013","52","3","0","20","2","48","5"
"09","07","21","295.15","1013","52","3","0","20","2","48","-1"
"09","07","22","295.06","1013","40","6","280","40","3","00","-2"
"09","07","22","295.06","1013","40","6","280","40","3","06","0"
"09","07","22","295.06","1013","40","6","280","40","3","12","5"
"09","07","22","295.06","1013","40","6","280","40","3","25","-3"
"09","07","22","295.06","1013","40","6","280","40","3","38","-3"
"09","11","00","291.7","1028","45","2","20","1","1","54","5"
"09","11","01","290.06","1029","52","1","50","1","1","14","-9"
"09","11","01","290.06","1029","52","1","50","1","1","34","-7"
"09","11","01","290.06","1029","52","1","50","1","1","54","0"
"09","11","02","288.8","1029","59","2","10","1","1","14","9"
"09","11","02","288.8","1029","59","2","10","1","1","14","-1"
"09","11","02","288.8","1029","59","2","10","1","1","54","-9"
"09","11","03","288.25","1028","55","3","350","1","1","14","7"
"09","11","03","288.25","1028","55","3","350","1","1","34","0"
"09","11","03","288.25","1028","55","3","350","1","1","34","-4"
"09","11","03","288.25","1028","55","3","350","1","1","54","0"
"09","11","04","288.05","1028","63","2","10","1","1","14","0"
"09","11","04","288.05","1028","63","2","10","1","1","34","9"
"09","11","04","288.05","1028","63","2","10","1","1","54","2"
"09","11","05","287.06","1029","63","1","0","1","50","14","3"
"09","11","05","287.06","1029","63","1","0","1","50","30","5"
"09","11","05","287.06","1029","63","1","0","1","50","49","-4"
"09","11","06","286.39","1028","59","2","0","1","1","00","3"
"09","11","06","286.39","1028","59","2","0","1","1","12","0"
"09","11","06","286.39","1028","59","2","0","1","1","22","1"
"09","11","06","286.39","1028","59","2","0","1","1","32","-2"
"09","11","06","286.39","1028","59","2","0","1","1","42","3"
"09","11","06","286.39","1028","59","2","0","1","1","55","0"
"09","11","06","286.39","1028","59","2","0","1","1","55","2"
"09","11","06","286.39","1028","59","2","0","1","1","55","-2"
"09","11","07","285.68","1027","76","3","20","1","1","17","0"
"09","11","07","285.68","1027","76","3","20","1","1","17","-1"
"09","11","07","285.68","1027","76","3","20","1","1","24","-1"
"09","11","07","285.68","1027","76","3","20","1","1","26","2"
"09","11","07","285.68","1027","76","3","20","1","1","33","-3"
"09","11","07","285.68","1027","76","3","20","1","1","39","0"
"09","11","07","285.68","1027","76","3","20","1","1","39","2"
"09","11","07","285.68","1027","76","3","20","1","1","45","2"
"09","11","07","285.68","1027","76","3","20","1","1","45","-3"
"09","11","07","285.68","1027","76","3","20","1","1","57","2"
"09","11","08","285.3","1027","72","1","280","1","1","03","1"
"09","11","08","285.3","1027","72","1","280","1","1","03","-1"
"09","11","08","285.3","1027","72","1","280","1","1","03","-1"
"09","11","08","285.3","1027","72","1","280","1","1","22","0"
"09","11","08","285.3","1027","72","1","280","1","1","22","2"
"09","11","08","285.3","1027","72","1","280","1","1","27","-1"
"09","11","08","285.3","1027","72","1","280","1","1","32","2"
"09","11","08","285.3","1027","72","1","280","1","1","32","-1"
"09","11","08","285.3","1027","72","1","280","1","1","41","0"
"09","11","08","285.3","1027","72","1","280","1","1","52","-2"
"09","11","08","285.3","1027","72","1","280","1","1","58","2"
"09","11","09","284.89","1028","76","2","3","1","1","04","-3"
"09","11","09","284.89","1028","76","2","3","1","1","04","-1"
"09","11","09","284.89","1028","76","2","3","1","1","16","0"
"09","11","09","284.89","1028","76","2","3","1","1","16","2"
"09","11","09","284.89","1028","76","2","3","1","1","21","2"
"09","11","09","284.89","1028","76","2","3","1","1","21","-1"
"09","11","09","284.89","1028","76","2","3","1","1","40","-3"
"09","11","09","284.89","1028","76","2","3","1","1","40","-3"
"09","11","09","284.89","1028","76","2","3","1","1","46","2"
"09","11","09","284.89","1028","76","2","3","1","1","52","1"
"09","11","10","284.89","1027","76","2","3","1","50","00","-1"
"09","11","10","284.89","1027","76","2","3","1","50","07","-3"
"09","11","10","284.89","1027","76","2","3","1","50","07","-1"
"09","11","10","284.89","1027","76","2","3","1","50","23","0"
"09","11","10","284.89","1027","76","2","3","1","50","23","-1"
"09","11","10","284.89","1027","76","2","3","1","50","29","3"
"09","11","10","284.89","1027","76","2","3","1","50","37","1"
"09","11","10","284.89","1027","76","2","3","1","50","45","3"
"09","11","10","284.89","1027","76","2","3","1","50","53","2"
"09","11","11","284.47","1028","81","2","4","1","1","01","1"
"09","11","11","284.47","1028","81","2","4","1","1","25","0"
"09","11","11","284.47","1028","81","2","4","1","1","25","-3"
"09","11","11","284.47","1028","81","2","4","1","1","33","-4"
"09","11","11","284.47","1028","81","2","4","1","1","33","-2"
"09","11","11","284.47","1028","81","2","4","1","1","49","3"
"09","11","11","284.47","1028","81","2","4","1","1","57","1"
"09","11","11","284.47","1028","81","2","4","1","1","57","-2"
"09","11","12","284.38","1028","76","2","4","1","1","05","-1"
"09","11","12","284.38","1028","76","2","4","1","1","13","-1"
"09","11","12","284.38","1028","76","2","4","1","1","13","-1"
"09","11","12","284.38","1028","76","2","4","1","1","21","-1"
"09","11","12","284.38","1028","76","2","4","1","1","21","-1"
"09","11","12","284.38","1028","76","2","4","1","1","45","0"
"09","11","12","284.38","1028","76","2","4","1","1","45","-1"
"09","11","13","286.69","1029","71","2","4","1","1","01","3"
"09","11","13","286.69","1029","71","2","4","1","1","09","2"
"09","11","13","286.69","1029","71","2","4","1","1","17","-4"
"09","11","13","286.69","1029","71","2","4","1","1","25","1"
"09","11","13","286.69","1029","71","2","4","1","1","25","-2"
"09","11","13","286.69","1029","71","2","4","1","1","33","-1"
"09","11","13","286.69","1029","71","2","4","1","1","41","-3"
"09","11","13","286.69","1029","71","2","4","1","1","49","-3"
"09","11","13","286.69","1029","71","2","4","1","1","57","2"
"09","11","14","291.24","1028","67","1","356","1","1","05","-3"
"09","11","14","291.24","1028","67","1","356","1","1","13","3"
"09","11","14","291.24","1028","67","1","356","1","1","21","1"
"09","11","14","291.24","1028","67","1","356","1","1","21","-1"
"09","11","14","291.24","1028","67","1","356","1","1","37","3"
"09","11","14","291.24","1028","67","1","356","1","1","45","0"
"09","11","14","291.24","1028","67","1","356","1","1","53","3"
"09","11","15","293.06","1027","55","1","0","1","1","09","1"
"09","11","15","293.06","1027","55","1","0","1","1","09","-2"
"09","11","15","293.06","1027","55","1","0","1","1","17","-4"
"09","11","15","293.06","1027","55","1","0","1","1","25","2"
"09","11","15","293.06","1027","55","1","0","1","1","33","2"
"09","11","15","293.06","1027","55","1","0","1","1","45","3"
"09","11","16","292.78","1026","40","3","20","1","1","02","0"
"09","11","16","292.78","1026","40","3","20","1","1","02","-1"
"09","11","16","292.78","1026","40","3","20","1","1","10","0"
"09","11","16","292.78","1026","40","3","20","1","1","10","-1"
"09","11","16","292.78","1026","40","3","20","1","1","25","3"
"09","11","16","292.78","1026","40","3","20","1","1","32","3"
"09","11","16","292.78","1026","40","3","20","1","1","39","3"
"09","11","16","292.78","1026","40","3","20","1","1","46","2"
"09","11","16","292.78","1026","40","3","20","1","1","53","3"
"09","11","17","295.5","1025","40","1","301","1","1","00","-1"
"09","11","17","295.5","1025","40","1","301","1","1","07","-3"
"09","11","17","295.5","1025","40","1","301","1","1","14","2"
"09","11","17","295.5","1025","40","1","301","1","1","21","1"
"09","11","17","295.5","1025","40","1","301","1","1","21","-3"
"09","11","17","295.5","1025","40","1","301","1","1","28","3"
"09","11","17","295.5","1025","40","1","301","1","1","35","2"
"09","11","17","295.5","1025","40","1","301","1","1","35","-3"
"09","11","17","295.5","1025","40","1","301","1","1","42","2"
"09","11","17","295.5","1025","40","1","301","1","1","56","0"
"09","11","17","295.5","1025","40","1","301","1","1","56","3"
"09","11","18","296.23","1024","36","3","0","40","3","03","-2"
"09","11","18","296.23","1024","36","3","0","40","3","10","2"
"09","11","18","296.23","1024","36","3","0","40","3","24","-2"
"09","11","18","296.23","1024","36","3","0","40","3","31","-1"
"09","11","18","296.23","1024","36","3","0","40","3","38","2"
"09","11","18","296.23","1024","36","3","0","40","3","45","2"
"09","11","18","296.23","1024","36","3","0","40","3","52","3"
"09","11","18","296.23","1024","36","3","0","40","3","59","-2"
"09","11","19","297.22","1024","38","1","270","1","1","06","1"
"09","11","19","297.22","1024","38","1","270","1","1","13","-3"
"09","11","19","297.22","1024","38","1","270","1","1","21","-4"
"09","11","19","297.22","1024","38","1","270","1","1","21","-1"
"09","11","19","297.22","1024","38","1","270","1","1","46","0"
"09","11","19","297.22","1024","38","1","270","1","1","46","2"
"09","11","19","297.22","1024","38","1","270","1","1","57","1"
"09","11","20","297.81","1023","36","2","327","1","1","03","0"
"09","11","20","297.81","1023","36","2","327","1","1","10","-2"
"09","11","20","297.81","1023","36","2","327","1","1","19","-3"
"09","11","20","297.81","1023","36","2","327","1","1","28","-4"
"09","11","20","297.81","1023","36","2","327","1","1","28","-1"
"09","11","20","297.81","1023","36","2","327","1","1","46","0"
"09","11","20","297.81","1023","36","2","327","1","1","46","-3"
"09","11","20","297.81","1023","36","2","327","1","1","55","-3"
"09","11","21","297.72","1023","33","2","327","1","1","04","0"
"09","11","21","297.72","1023","33","2","327","1","1","13","2"
"09","11","21","297.72","1023","33","2","327","1","1","31","-1"
"09","11","21","297.72","1023","33","2","327","1","1","36","4"
"09","11","21","297.72","1023","33","2","327","1","1","36","-1"
"09","11","22","297.81","1022","27","2","327","1","1","00","1"
"09","11","22","297.81","1022","27","2","327","1","1","06","-2"
"09","11","22","297.81","1022","27","2","327","1","1","12","1"
"09","11","22","297.81","1022","27","2","327","1","1","38","2"
"09","11","22","297.81","1022","27","2","327","1","1","38","-6"
"09","11","22","297.81","1022","27","2","327","1","1","51","5"
"09","01","00","294.98","1015","43","3","0","1","1","54","-2"
"09","01","00","294.98","1015","43","3","0","1","1","54","4"
"09","01","01","293.45","1015","49","3","314","20","2","14","3"
"09","01","01","293.45","1015","49","3","314","20","2","34","5"
"09","01","01","293.45","1015","49","3","314","20","2","54","5"
"09","01","02","292.89","1016","52","1","0","1","1","14","4"
"09","01","02","292.89","1016","52","1","0","1","1","34","3"
"09","01","02","292.89","1016","52","1","0","1","1","54","8"
"09","01","03","291.91","1016","52","4","339","20","2","34","-7"
"09","01","03","291.91","1016","52","4","339","20","2","34","-3"
"09","01","03","291.91","1016","52","4","339","20","2","54","9"
"09","01","04","291.83","1016","63","2","350","40","3","14","3"
"09","01","04","291.83","1016","63","2","350","40","3","34","5"
"09","01","04","291.83","1016","63","2","350","40","3","54","0"
"09","01","05","289.76","1018","52","1","0","1","1","14","-6"
"09","01","05","289.76","1018","52","1","0","1","1","14","-1"
"09","01","05","289.76","1018","52","1","0","1","1","30","-7"
"09","01","05","289.76","1018","52","1","0","1","1","30","-1"
"09","01","06","289.14","1018","55","2","0","1","1","00","3"
"09","01","06","289.14","1018","55","2","0","1","1","12","1"
"09","01","06","289.14","1018","55","2","0","1","1","22","1"
"09","01","06","289.14","1018","55","2","0","1","1","32","-3"
"09","01","06","289.14","1018","55","2","0","1","1","42","1"
"09","01","06","289.14","1018","55","2","0","1","1","51","0"
"09","01","06","289.14","1018","55","2","0","1","1","55","-1"
"09","01","07","288.23","1018","59","4","350","1","1","03","0"
"09","01","07","288.23","1018","59","4","350","1","1","12","0"
"09","01","07","288.23","1018","59","4","350","1","1","17","-3"
"09","01","07","288.23","1018","59","4","350","1","1","17","-1"
"09","01","07","288.23","1018","59","4","350","1","1","26","0"
"09","01","07","288.23","1018","59","4","350","1","1","26","-1"
"09","01","07","288.23","1018","59","4","350","1","1","33","-1"
"09","01","07","288.23","1018","59","4","350","1","1","51","1"
"09","01","07","288.23","1018","59","4","350","1","1","51","-2"
"09","01","07","288.23","1018","59","4","350","1","1","57","2"
"09","01","08","287.73","1018","59","1","0","1","1","03","3"
"09","01","08","287.73","1018","59","1","0","1","1","16","-3"
"09","01","08","287.73","1018","59","1","0","1","1","27","0"
"09","01","08","287.73","1018","59","1","0","1","1","27","-2"
"09","01","08","287.73","1018","59","1","0","1","1","37","1"
"09","01","08","287.73","1018","59","1","0","1","1","46","2"
"09","01","08","287.73","1018","59","1","0","1","1","52","0"
"09","01","09","286.65","1019","58","3","0","1","1","04","0"
"09","01","09","286.65","1019","58","3","0","1","1","04","-1"
"09","01","09","286.65","1019","58","3","0","1","1","04","-1"
"09","01","09","286.65","1019","58","3","0","1","1","10","-2"
"09","01","09","286.65","1019","58","3","0","1","1","16","-2"
"09","01","09","286.65","1019","58","3","0","1","1","21","-3"
"09","01","09","286.65","1019","58","3","0","1","1","21","-1"
"09","01","09","286.65","1019","58","3","0","1","1","27","-1"
"09","01","09","286.65","1019","58","3","0","1","1","34","2"
"09","01","09","286.65","1019","58","3","0","1","1","34","-2"
"09","01","09","286.65","1019","58","3","0","1","1","34","-1"
"09","01","09","286.65","1019","58","3","0","1","1","40","-1"
"09","01","09","286.65","1019","58","3","0","1","1","46","-1"
"09","01","09","286.65","1019","58","3","0","1","1","52","2"
"09","01","10","285.81","1020","50","2","300","1","1","00","0"
"09","01","10","285.81","1020","50","2","300","1","1","07","1"
"09","01","10","285.81","1020","50","2","300","1","1","15","0"
"09","01","10","285.81","1020","50","2","300","1","1","15","3"
"09","01","10","285.81","1020","50","2","300","1","1","23","0"
"09","01","10","285.81","1020","50","2","300","1","1","29","3"
"09","01","10","285.81","1020","50","2","300","1","1","29","-1"
"09","01","10","285.81","1020","50","2","300","1","1","37","-2"
"09","01","10","285.81","1020","50","2","300","1","1","37","-1"
"09","01","10","285.81","1020","50","2","300","1","1","53","-2"
"09","01","11","285.73","1019","50","4","350","1","1","01","3"
"09","01","11","285.73","1019","50","4","350","1","1","09","-3"
"09","01","11","285.73","1019","50","4","350","1","1","25","1"
"09","01","11","285.73","1019","50","4","350","1","1","25","2"
"09","01","11","285.73","1019","50","4","350","1","1","33","0"
"09","01","11","285.73","1019","50","4","350","1","1","33","-2"
"09","01","11","285.73","1019","50","4","350","1","1","41","3"
"09","01","11","285.73","1019","50","4","350","1","1","49","2"
"09","01","11","285.73","1019","50","4","350","1","1","49","-1"
"09","01","11","285.73","1019","50","4","350","1","1","57","-4"
"09","01","11","285.73","1019","50","4","350","1","1","57","-1"
"09","01","12","286.32","1021","54","4","349","1","1","21","3"
"09","01","12","286.32","1021","54","4","349","1","1","29","0"
"09","01","12","286.32","1021","54","4","349","1","1","29","-1"
"09","01","12","286.32","1021","54","4","349","1","1","37","-3"
"09","01","12","286.32","1021","54","4","349","1","1","37","-1"
"09","01","12","286.32","1021","54","4","349","1","1","53","-4"
"09","01","13","287.38","1021","54","4","349","1","1","01","-2"
"09","01","13","287.38","1021","54","4","349","1","1","09","-4"
"09","01","13","287.38","1021","54","4","349","1","1","17","2"
"09","01","13","287.38","1021","54","4","349","1","1","17","-2"
"09","01","13","287.38","1021","54","4","349","1","1","33","1"
"09","01","13","287.38","1021","54","4","349","1","1","41","1"
"09","01","13","287.38","1021","54","4","349","1","1","41","-1"
"09","01","13","287.38","1021","54","4","349","1","1","57","1"
"09","01","14","287.38","1021","44","3","360","1","1","05","2"
"09","01","14","287.38","1021","44","3","360","1","1","05","-1"
"09","01","14","287.38","1021","44","3","360","1","1","21","-4"
"09","01","14","287.38","1021","44","3","360","1","1","29","3"
"09","01","14","287.38","1021","44","3","360","1","1","37","0"
"09","01","14","287.38","1021","44","3","360","1","1","45","1"
"09","01","14","287.38","1021","44","3","360","1","1","53","-3"
"09","01","15","290.4","1021","39","2","0","1","1","01","-2"
"09","01","15","290.4","1021","39","2","0","1","1","09","3"
"09","01","15","290.4","1021","39","2","0","1","1","17","-4"
"09","01","15","290.4","1021","39","2","0","1","1","25","1"
"09","01","15","290.4","1021","39","2","0","1","1","45","-3"
"09","01","16","291.73","1021","34","1","0","1","1","02","0"
"09","01","16","291.73","1021","34","1","0","1","1","02","-2"
"09","01","16","291.73","1021","34","1","0","1","1","10","3"
"09","01","16","291.73","1021","34","1","0","1","1","10","-2"
"09","01","16","291.73","1021","34","1","0","1","1","25","-3"
"09","01","16","291.73","1021","34","1","0","1","1","32","0"
"09","01","16","291.73","1021","34","1","0","1","1","32","0"
"09","01","16","291.73","1021","34","1","0","1","1","39","0"
"09","01","16","291.73","1021","34","1","0","1","1","39","-1"
"09","01","16","291.73","1021","34","1","0","1","1","46","-3"
"09","01","16","291.73","1021","34","1","0","1","1","53","-2"
"09","01","17","292.53","1021","32","1","250","1","1","07","1"
"09","01","17","292.53","1021","32","1","250","1","1","07","2"
"09","01","17","292.53","1021","32","1","250","1","1","14","0"
"09","01","17","292.53","1021","32","1","250","1","1","21","0"
"09","01","17","292.53","1021","32","1","250","1","1","21","2"
"09","01","17","292.53","1021","32","1","250","1","1","21","-1"
"09","01","17","292.53","1021","32","1","250","1","1","35","1"
"09","01","17","292.53","1021","32","1","250","1","1","42","-3"
"09","01","17","292.53","1021","32","1","250","1","1","42","-1"
"09","01","17","292.53","1021","32","1","250","1","1","56","1"
"09","01","18","292.61","1020","30","2","30","1","1","03","-1"
"09","01","18","292.61","1020","30","2","30","1","1","10","1"
"09","01","18","292.61","1020","30","2","30","1","1","17","0"
"09","01","18","292.61","1020","30","2","30","1","1","17","-3"
"09","01","18","292.61","1020","30","2","30","1","1","24","-3"
"09","01","18","292.61","1020","30","2","30","1","1","38","0"
"09","01","18","292.61","1020","30","2","30","1","1","38","-2"
"09","01","18","292.61","1020","30","2","30","1","1","52","0"
"09","01","18","292.61","1020","30","2","30","1","1","59","3"
"09","01","19","294.56","1020","26","2","0","1","1","06","-2"
"09","01","19","294.56","1020","26","2","0","1","1","13","0"
"09","01","19","294.56","1020","26","2","0","1","1","21","-3"
"09","01","19","294.56","1020","26","2","0","1","1","31","0"
"09","01","19","294.56","1020","26","2","0","1","1","37","0"
"09","01","19","294.56","1020","26","2","0","1","1","46","1"
"09","01","19","294.56","1020","26","2","0","1","1","57","0"
"09","01","20","294.48","1020","28","3","280","1","1","03","2"
"09","01","20","294.48","1020","28","3","280","1","1","10","2"
"09","01","20","294.48","1020","28","3","280","1","1","10","-4"
"09","01","20","294.48","1020","28","3","280","1","1","19","4"
"09","01","20","294.48","1020","28","3","280","1","1","28","1"
"09","01","20","294.48","1020","28","3","280","1","1","28","-4"
"09","01","20","294.48","1020","28","3","280","1","1","37","-4"
"09","01","20","294.48","1020","28","3","280","1","1","46","2"
"09","01","20","294.48","1020","28","3","280","1","1","55","1"
"09","01","21","294.32","1020","30","2","0","1","1","04","3"
"09","01","21","294.32","1020","30","2","0","1","1","22","1"
"09","01","21","294.32","1020","30","2","0","1","1","22","-3"
"09","01","21","294.32","1020","30","2","0","1","1","36","5"
"09","01","22","293.85","1019","32","4","300","75","4","00","0"
"09","01","22","293.85","1019","32","4","300","75","4","12","1"
"09","01","22","293.85","1019","32","4","300","75","4","12","2"
"09","01","22","293.85","1019","32","4","300","75","4","12","3"
"09","01","22","293.85","1019","32","4","300","75","4","12","5"
"09","01","22","293.85","1019","32","4","300","75","4","12","-3"
"09","01","22","293.85","1019","32","4","300","75","4","25","4"
"09","01","22","293.85","1019","32","4","300","75","4","38","5"
"09","01","22","293.85","1019","32","4","300","75","4","51","5"
